element_pdf_date,element_pdf_cpu_utilization,element_pdf_total_power,element_pdf_cpu_power,element_pdf_gpu_power
2023-10-23 23:12:24,0.23539,49.62317,6.74316,42.88000
2023-10-23 23:12:25,0.03960,46.49484,4.46484,42.03000
2023-10-23 23:12:26,0.01089,46.18019,4.20020,41.98000
2023-10-23 23:12:27,0.01250,46.15871,4.17871,41.98000
2023-10-23 23:12:28,0.02181,46.43832,4.27832,42.16000
2023-10-23 23:12:29,0.01207,46.36996,4.20996,42.16000
2023-10-23 23:12:30,0.01857,47.45414,4.24414,43.21000
2023-10-23 23:12:32,0.04501,46.69727,4.69727,42.00000
2023-10-23 23:12:33,0.00587,46.51601,4.16602,42.35000
2023-10-23 23:12:34,0.06734,46.30590,4.29590,42.01000
2023-10-23 23:12:35,0.03853,46.34703,4.20703,42.14000
2023-10-23 23:12:36,0.05307,39.27875,4.21875,35.06000
2023-10-23 23:12:37,0.01506,38.94535,3.73535,35.21000
2023-10-23 23:12:38,0.00755,38.53941,3.64941,34.89000
2023-10-23 23:12:39,0.00753,31.80988,3.37988,28.43000
2023-10-23 23:12:40,0.05593,31.87020,3.45020,28.42000
2023-10-23 23:12:41,0.00754,31.53816,3.11816,28.42000
2023-10-23 23:12:42,0.16014,62.63820,5.90820,56.73000
2023-10-23 23:12:43,0.05753,59.15113,5.66113,53.49000
2023-10-23 23:12:44,0.06525,59.41902,5.74902,53.67000
2023-10-23 23:12:45,0.01261,58.80930,5.02930,53.78000
2023-10-23 23:12:46,0.01006,58.83273,5.05273,53.78000
2023-10-23 23:12:47,0.01501,58.85492,5.04492,53.81000
2023-10-23 23:12:48,0.01092,59.09281,5.13281,53.96000
2023-10-23 23:12:49,0.01006,58.99566,5.05566,53.94000
2023-10-23 23:12:50,0.02015,59.25481,5.17480,54.08000
2023-10-23 23:12:51,0.00839,59.16301,5.08301,54.08000
2023-10-23 23:13:00,0.11362,62.24899,5.95898,56.29000
2023-10-23 23:13:01,0.19876,62.03746,7.14746,54.89000
2023-10-23 23:13:02,0.07510,59.99859,5.55859,54.44000
2023-10-23 23:13:03,0.11648,60.11840,5.85840,54.26000
2023-10-23 23:13:04,0.01849,59.65094,5.21094,54.44000
2023-10-23 23:13:05,0.00927,59.50105,5.08105,54.42000
2023-10-23 23:13:06,0.03048,62.67348,5.31348,57.36000
2023-10-23 23:13:07,0.03635,59.95469,5.55469,54.40000
2023-10-23 23:13:08,0.02775,59.94785,5.29785,54.65000
2023-10-23 23:13:09,0.06277,59.46461,5.22461,54.24000
2023-10-23 23:13:10,0.03936,59.60215,5.20215,54.40000
2023-10-23 23:13:11,0.05659,60.38094,5.21094,55.17000
2023-10-23 23:13:12,0.01007,59.45578,5.17578,54.28000
2023-10-23 23:13:13,0.00672,59.54449,5.10449,54.44000
2023-10-23 23:13:14,0.00753,59.33519,5.07520,54.26000
2023-10-23 23:13:15,0.06145,59.75152,5.31152,54.44000
2023-10-23 23:13:16,0.00588,59.34496,5.08496,54.26000
2023-10-23 23:13:17,0.16232,65.16644,7.35645,57.81000
2023-10-23 23:13:18,0.03817,60.06731,5.48730,54.58000
2023-10-23 23:13:19,0.02439,59.35231,5.11230,54.24000
2023-10-23 23:13:20,0.06365,63.31977,5.75977,57.56000
2023-10-23 23:13:21,0.01732,59.55918,5.15918,54.40000
2023-10-23 23:13:22,0.01638,59.52891,5.12891,54.40000
2023-10-23 23:13:23,0.01005,59.57676,5.17676,54.40000
2023-10-23 23:13:24,0.02224,59.55723,5.15723,54.40000
2023-10-23 23:13:25,0.02186,59.95512,5.24512,54.71000
2023-10-23 23:13:26,0.00929,59.70988,5.12988,54.58000
2023-10-23 23:13:35,0.19679,47.41168,6.22168,41.19000
2023-10-23 23:13:36,0.05281,43.31250,4.31250,39.00000
2023-10-23 23:13:37,0.01508,42.79605,3.95605,38.84000
2023-10-23 23:13:38,0.01091,39.41551,3.89551,35.52000
2023-10-23 23:13:39,0.02612,39.13855,3.76855,35.37000
2023-10-23 23:13:40,0.01256,39.03992,3.66992,35.37000
2023-10-23 23:13:41,0.01759,32.76059,3.35059,29.41000
2023-10-23 23:13:42,0.04519,32.28313,3.70313,28.58000
2023-10-23 23:13:43,0.01172,19.10664,3.05664,16.05000
2023-10-23 23:13:44,0.09332,21.21453,2.64453,18.57000
2023-10-23 23:13:45,0.03353,20.93887,2.33887,18.60000
2023-10-23 23:13:46,0.07233,16.07902,2.49902,13.58000
2023-10-23 23:13:47,0.01342,14.74988,2.12988,12.62000
2023-10-23 23:13:48,0.00672,15.05426,2.11426,12.94000
2023-10-23 23:13:49,0.00420,16.69113,2.16113,14.53000
2023-10-23 23:13:50,0.06212,16.09352,2.35352,13.74000
2023-10-23 23:13:51,0.00927,15.66496,2.08496,13.58000
2023-10-23 23:13:52,0.15314,66.22418,5.53418,60.69000
2023-10-23 23:13:53,0.02103,62.05848,5.43848,56.62000
2023-10-23 23:13:54,0.03953,67.29149,5.52148,61.77000
2023-10-23 23:13:55,0.04202,61.90524,5.61523,56.29000
2023-10-23 23:13:56,0.01257,61.52023,5.24023,56.28000
2023-10-23 23:13:57,0.01426,61.60738,5.31738,56.29000
2023-10-23 23:13:58,0.00672,61.53609,5.24609,56.29000
2023-10-23 23:13:59,0.01089,61.99414,5.24414,56.75000
2023-10-23 23:14:00,0.01768,61.92301,5.33301,56.59000
2023-10-23 23:14:01,0.00587,62.01902,5.24902,56.77000
2023-10-23 23:14:10,0.18564,66.92711,7.53711,59.39000
2023-10-23 23:14:11,0.11149,66.18387,5.96387,60.22000
2023-10-23 23:14:12,0.10313,64.87781,5.75781,59.12000
2023-10-23 23:14:13,0.10522,64.84265,5.72266,59.12000
2023-10-23 23:14:14,0.03378,62.74539,5.52539,57.22000
2023-10-23 23:14:15,0.01183,62.50809,5.28809,57.22000
2023-10-23 23:14:16,0.02015,63.80168,5.47168,58.33000
2023-10-23 23:14:17,0.06005,62.82648,5.89648,56.93000
2023-10-23 23:14:18,0.02584,63.05769,5.38770,57.67000
2023-10-23 23:14:19,0.05877,62.35480,5.42480,56.93000
2023-10-23 23:14:21,0.04320,62.44918,5.40918,57.04000
2023-10-23 23:14:22,0.05339,62.50285,5.42285,57.08000
2023-10-23 23:14:23,0.01568,62.42668,5.34668,57.08000
2023-10-23 23:14:24,0.00841,62.18488,5.25488,56.93000
2023-10-23 23:14:25,0.00456,62.20274,5.30273,56.90000
2023-10-23 23:14:26,0.06003,62.71024,5.49023,57.22000
2023-10-23 23:14:27,0.00773,62.32758,5.26758,57.06000
2023-10-23 23:14:28,0.17912,67.71883,7.54883,60.17000
2023-10-23 23:14:29,0.06204,62.14977,6.00977,56.14000
2023-10-23 23:14:30,0.07445,62.01207,5.87207,56.14000
2023-10-23 23:14:31,0.00925,61.49168,5.22168,56.27000
2023-10-23 23:14:32,0.01765,61.44617,5.32617,56.12000
2023-10-23 23:14:33,0.00589,61.70098,5.25098,56.45000
2023-10-23 23:14:34,0.01092,61.47008,5.33008,56.14000
2023-10-23 23:14:35,0.01438,40.77227,5.07227,35.70000
2023-10-23 23:14:36,0.02298,39.55059,3.85059,35.70000
2023-10-23 23:14:37,0.00586,39.35168,3.72168,35.63000
2023-10-23 23:14:45,0.21320,50.75398,6.58398,44.17000
2023-10-23 23:14:46,0.12017,42.65887,5.08887,37.57000
2023-10-23 23:14:48,0.01257,41.45770,3.88770,37.57000
2023-10-23 23:14:49,0.00923,40.03184,3.88184,36.15000
2023-10-23 23:14:50,0.02092,39.19078,3.80078,35.39000
2023-10-23 23:14:51,0.01431,39.19676,3.67676,35.52000
2023-10-23 23:14:52,0.05281,33.09832,3.77832,29.32000
2023-10-23 23:14:53,0.06424,33.44148,3.77148,29.67000
2023-10-23 23:14:54,0.03185,32.22512,3.24512,28.98000
2023-10-23 23:14:55,0.06081,31.72566,3.30566,28.42000
2023-10-23 23:14:56,0.03794,21.57172,2.51172,19.06000
2023-10-23 23:14:57,0.05998,19.35977,2.50977,16.85000
2023-10-23 23:14:58,0.02015,14.88977,2.25977,12.63000
2023-10-23 23:14:59,0.01005,15.81324,2.07324,13.74000
2023-10-23 23:15:00,0.00508,14.72961,2.09961,12.63000
2023-10-23 23:15:01,0.07825,15.44570,2.34570,13.10000
2023-10-23 23:15:02,0.01295,15.68840,2.10840,13.58000
2023-10-23 23:15:03,0.15925,66.71832,5.52832,61.19000
2023-10-23 23:15:04,0.01766,61.21062,5.39063,55.82000
2023-10-23 23:15:05,0.04333,66.67273,5.55273,61.12000
2023-10-23 23:15:06,0.05193,61.92039,5.65039,56.27000
2023-10-23 23:15:07,0.01850,61.54293,5.25293,56.29000
2023-10-23 23:15:08,0.00672,61.70535,5.23535,56.47000
2023-10-23 23:15:09,0.01170,61.56512,5.24512,56.32000
2023-10-23 23:15:10,0.01425,61.74785,5.29785,56.45000
2023-10-23 23:15:11,0.02096,61.89570,5.34570,56.55000
2023-10-23 23:15:12,0.00672,61.99023,5.24023,56.75000
2023-10-23 23:15:21,0.16822,67.56539,7.02539,60.54000
2023-10-23 23:15:22,0.11368,63.70305,6.12305,57.58000
2023-10-23 23:15:23,0.01344,62.25469,5.30469,56.95000
2023-10-23 23:15:24,0.01729,62.26008,5.33008,56.93000
2023-10-23 23:15:25,0.02024,62.46086,5.38086,57.08000
2023-10-23 23:15:26,0.01926,62.51539,5.27539,57.24000
2023-10-23 23:15:27,0.01948,64.74918,5.40918,59.34000
2023-10-23 23:15:28,0.04284,62.76691,5.83691,56.93000
2023-10-23 23:15:29,0.00971,66.78422,5.32422,61.46000
2023-10-23 23:15:30,0.05439,62.41680,5.46680,56.95000
2023-10-23 23:15:31,0.02929,62.80481,5.42480,57.38000
2023-10-23 23:15:32,0.04694,62.33801,5.45801,56.88000
2023-10-23 23:15:33,0.01009,62.59500,5.37500,57.22000
2023-10-23 23:15:34,0.00509,62.69543,5.31543,57.38000
2023-10-23 23:15:35,0.00419,62.35637,5.27637,57.08000
2023-10-23 23:15:36,0.05415,62.64836,5.56836,57.08000
2023-10-23 23:15:37,0.00671,62.23664,5.30664,56.93000
2023-10-23 23:15:38,0.16107,68.62437,7.48438,61.14000
2023-10-23 23:15:39,0.04399,61.95949,5.72949,56.23000
2023-10-23 23:15:40,0.06531,62.02867,5.88867,56.14000
2023-10-23 23:15:41,0.01594,61.60445,5.31445,56.29000
2023-10-23 23:15:42,0.01176,61.52438,5.23438,56.29000
2023-10-23 23:15:43,0.01430,39.32273,3.80273,35.52000
2023-10-23 23:15:44,0.01355,39.05555,3.68555,35.37000
2023-10-23 23:15:45,0.01004,32.25418,3.53418,28.72000
2023-10-23 23:15:46,0.01928,32.13488,3.25488,28.88000
2023-10-23 23:15:47,0.00837,32.05480,3.17480,28.88000
2023-10-23 23:15:56,0.06287,42.13117,4.70117,37.43000
2023-10-23 23:15:57,0.01760,41.55191,3.96191,37.59000
2023-10-23 23:15:58,0.01505,41.26254,3.85254,37.41000
2023-10-23 23:15:59,0.01346,39.28051,3.77051,35.51000
2023-10-23 23:16:00,0.02884,39.18664,3.80664,35.38000
2023-10-23 23:16:01,0.01423,38.91727,3.69727,35.22000
2023-10-23 23:16:02,0.01679,32.51144,3.23145,29.28000
2023-10-23 23:16:03,0.05025,32.20320,3.78320,28.42000
2023-10-23 23:16:04,0.01120,18.44426,2.86426,15.58000
2023-10-23 23:16:05,0.09434,20.61355,2.64355,17.97000
2023-10-23 23:16:06,0.02094,20.45992,2.16992,18.29000
2023-10-23 23:16:07,0.07557,16.71742,2.35742,14.36000
2023-10-23 23:16:08,0.01174,15.81031,2.07031,13.74000
2023-10-23 23:16:09,0.00925,15.16348,2.06348,13.10000
2023-10-23 23:16:10,0.01002,15.69035,2.11035,13.58000
2023-10-23 23:16:11,0.05383,14.98156,2.35156,12.63000
2023-10-23 23:16:12,0.00922,15.17250,2.06250,13.11000
2023-10-23 23:16:13,0.16237,64.77480,6.17480,58.60000
2023-10-23 23:16:15,0.02583,61.30926,5.48926,55.82000
2023-10-23 23:16:16,0.07284,61.88672,5.88672,56.00000
2023-10-23 23:16:17,0.01511,61.20605,5.20605,56.00000
2023-10-23 23:16:18,0.01279,61.43199,5.29199,56.14000
2023-10-23 23:16:19,0.00821,61.56051,5.27051,56.29000
2023-10-23 23:16:20,0.01279,61.77031,5.32031,56.45000
2023-10-23 23:16:21,0.01329,61.55953,5.26953,56.29000
2023-10-23 23:16:22,0.02099,61.98453,5.39453,56.59000
2023-10-23 23:16:23,0.01286,62.04590,5.29590,56.75000
2023-10-23 23:16:31,0.13384,63.86746,6.64746,57.22000
2023-10-23 23:16:32,0.01756,62.31895,5.41895,56.90000
2023-10-23 23:16:33,0.01264,62.20274,5.30273,56.90000
2023-10-23 23:16:34,0.00924,62.23176,5.30176,56.93000
2023-10-23 23:16:35,0.01780,62.50941,5.39941,57.11000
2023-10-23 23:16:36,0.00758,62.20734,5.27734,56.93000
2023-10-23 23:16:38,0.02393,64.52527,5.40527,59.12000
2023-10-23 23:16:39,0.04107,62.69981,5.79980,56.90000
2023-10-23 23:16:40,0.01012,64.65269,5.26270,59.39000
2023-10-23 23:16:41,0.07237,62.41340,5.48340,56.93000
2023-10-23 23:16:42,0.03973,62.48090,5.42090,57.06000
2023-10-23 23:16:43,0.06484,62.18602,5.41602,56.77000
2023-10-23 23:16:44,0.02281,62.47668,5.34668,57.13000
2023-10-23 23:16:45,0.00860,62.39738,5.31738,57.08000
2023-10-23 23:16:46,0.00754,62.14582,5.21582,56.93000
2023-10-23 23:16:47,0.05826,62.46348,5.56348,56.90000
2023-10-23 23:16:48,0.00922,62.37004,5.29004,57.08000
2023-10-23 23:16:49,0.16667,68.40062,7.39063,61.01000
2023-10-23 23:16:50,0.06190,63.00434,5.94434,57.06000
2023-10-23 23:16:51,0.02000,62.54570,5.34570,57.20000
2023-10-23 23:16:52,0.06303,62.94855,6.01855,56.93000
2023-10-23 23:16:53,0.01839,62.41594,5.33594,57.08000
2023-10-23 23:16:54,0.00756,62.24445,5.31445,56.93000
2023-10-23 23:16:55,0.01346,62.24348,5.31348,56.93000
2023-10-23 23:16:56,0.01514,61.79523,5.36523,56.43000
2023-10-23 23:16:57,0.02431,61.62691,5.33691,56.29000
2023-10-23 23:16:58,0.00920,61.87219,5.24219,56.63000
2023-10-23 23:17:07,0.14000,50.28070,5.72070,44.56000
2023-10-23 23:17:08,0.20035,43.40828,5.98828,37.42000
2023-10-23 23:17:09,0.14022,41.27133,5.11133,36.16000
2023-10-23 23:17:10,0.01008,39.32516,3.78516,35.54000
2023-10-23 23:17:11,0.02092,39.35445,3.81445,35.54000
2023-10-23 23:17:12,0.01262,39.14219,3.74219,35.40000
2023-10-23 23:17:13,0.02504,33.60211,3.66211,29.94000
2023-10-23 23:17:14,0.04153,32.56187,3.67188,28.89000
2023-10-23 23:17:15,0.01270,32.82899,3.20898,29.62000
2023-10-23 23:17:16,0.06490,19.04894,2.66895,16.38000
2023-10-23 23:17:17,0.04034,21.22762,2.30762,18.92000
2023-10-23 23:17:18,0.06153,19.96754,2.47754,17.49000
2023-10-23 23:17:19,0.01435,15.61531,2.19531,13.42000
2023-10-23 23:17:20,0.01001,15.10602,2.16602,12.94000
2023-10-23 23:17:21,0.01093,16.49719,2.11719,14.38000
2023-10-23 23:17:22,0.05528,41.87852,3.47852,38.40000
2023-10-23 23:17:23,0.01086,42.54816,3.86816,38.68000
2023-10-23 23:17:24,0.16414,68.33258,6.64258,61.69000
2023-10-23 23:17:25,0.03892,61.99676,5.67676,56.32000
2023-10-23 23:17:26,0.01678,61.44027,5.28027,56.16000
2023-10-23 23:17:27,0.02236,63.44817,5.36816,58.08000
2023-10-23 23:17:28,0.06032,62.38652,5.93652,56.45000
2023-10-23 23:17:29,0.01739,61.81231,5.36230,56.45000
2023-10-23 23:17:30,0.00679,61.90981,5.29980,56.61000
2023-10-23 23:17:31,0.01601,61.90934,5.31934,56.59000
2023-10-23 23:17:32,0.03139,62.37238,5.44238,56.93000
2023-10-23 23:17:33,0.00420,62.09051,5.27051,56.82000
2023-10-23 23:17:42,0.19165,65.35910,7.32910,58.03000
2023-10-23 23:17:43,0.02618,62.46840,5.35840,57.11000
2023-10-23 23:17:44,0.00677,62.34813,5.32813,57.02000
2023-10-23 23:17:45,0.01263,62.33832,5.27832,57.06000
2023-10-23 23:17:46,0.02265,62.64086,5.38086,57.26000
2023-10-23 23:17:47,0.00924,62.36809,5.28809,57.08000
2023-10-23 23:17:48,0.02441,63.95512,5.49512,58.46000
2023-10-23 23:17:49,0.03556,62.80317,5.74316,57.06000
2023-10-23 23:17:50,0.01466,63.78133,5.36133,58.42000
2023-10-23 23:17:51,0.06711,62.97992,5.41992,57.56000
2023-10-23 23:17:52,0.02504,62.43031,5.32031,57.11000
2023-10-23 23:17:53,0.05000,62.67848,5.43848,57.24000
2023-10-23 23:17:54,0.04465,61.80012,5.62012,56.18000
2023-10-23 23:17:55,0.01006,61.53805,5.24805,56.29000
2023-10-23 23:17:56,0.00639,62.45293,5.25293,57.20000
2023-10-23 23:17:57,0.06218,61.73309,5.41309,56.32000
2023-10-23 23:17:58,0.00910,61.34391,5.25391,56.09000
2023-10-23 23:17:59,0.17267,67.81520,7.57520,60.24000
2023-10-23 23:18:00,0.02780,61.73211,5.41211,56.32000
2023-10-23 23:18:01,0.06250,62.28094,5.96094,56.32000
2023-10-23 23:18:02,0.01327,61.71660,5.26660,56.45000
2023-10-23 23:18:03,0.01734,61.63375,5.34375,56.29000
2023-10-23 23:18:05,0.01174,62.33832,5.27832,57.06000
2023-10-23 23:18:06,0.00911,61.41199,5.29199,56.12000
2023-10-23 23:18:07,0.00762,40.04246,4.52246,35.52000
2023-10-23 23:18:08,0.07026,39.83328,4.11328,35.72000
2023-10-23 23:18:09,0.01187,39.42609,3.74609,35.68000
2023-10-23 23:18:10,0.07108,32.40664,3.55664,28.85000
2023-10-23 23:18:17,0.13690,43.16715,5.57715,37.59000
2023-10-23 23:18:18,0.16832,42.34402,5.37402,36.97000
2023-10-23 23:18:19,0.19779,42.05559,5.72559,36.33000
2023-10-23 23:18:20,0.01258,39.10949,3.72949,35.38000
2023-10-23 23:18:21,0.02115,39.36813,3.82813,35.54000
2023-10-23 23:18:22,0.01276,32.44312,3.70313,28.74000
2023-10-23 23:18:23,0.02015,32.52094,3.21094,29.31000
2023-10-23 23:18:24,0.04618,32.54152,3.81152,28.73000
2023-10-23 23:18:25,0.01309,32.30653,3.18652,29.12000
2023-10-23 23:18:26,0.06332,31.96086,3.38086,28.58000
2023-10-23 23:18:28,0.04286,21.25039,2.65039,18.60000
2023-10-23 23:18:29,0.05560,19.31094,2.46094,16.85000
2023-10-23 23:18:30,0.01858,15.47191,2.21191,13.26000
2023-10-23 23:18:31,0.00672,15.65031,2.07031,13.58000
2023-10-23 23:18:32,0.00753,15.86500,2.12500,13.74000
2023-10-23 23:18:33,0.07692,15.25078,2.30078,12.95000
2023-10-23 23:18:34,0.00588,14.84957,2.05957,12.79000
2023-10-23 23:18:35,0.14538,66.54238,5.69238,60.85000
2023-10-23 23:18:36,0.03601,61.62570,5.59570,56.03000
2023-10-23 23:18:37,0.06588,62.11461,5.97461,56.14000
2023-10-23 23:18:38,0.00755,61.64484,5.21484,56.43000
2023-10-23 23:18:39,0.03104,61.80008,5.33008,56.47000
2023-10-23 23:18:40,0.01343,61.69414,5.24414,56.45000
2023-10-23 23:18:41,0.01801,61.74492,5.29492,56.45000
2023-10-23 23:18:42,0.00938,61.50484,5.21484,56.29000
2023-10-23 23:18:43,0.02220,62.09180,5.34180,56.75000
2023-10-23 23:18:44,0.00846,62.02195,5.25195,56.77000
2023-10-23 23:18:45,0.09266,62.42625,5.65625,56.77000
2023-10-23 23:18:53,0.17551,65.89812,7.07813,58.82000
2023-10-23 23:18:54,0.02092,62.35773,5.42773,56.93000
2023-10-23 23:18:55,0.01175,62.34320,5.28320,57.06000
2023-10-23 23:18:56,0.00840,62.33344,5.27344,57.06000
2023-10-23 23:18:57,0.02427,62.32063,5.39063,56.93000
2023-10-23 23:18:58,0.01420,62.39641,5.31641,57.08000
2023-10-23 23:18:59,0.02007,65.16742,5.35742,59.81000
2023-10-23 23:19:00,0.04599,62.71641,5.81641,56.90000
2023-10-23 23:19:01,0.00921,62.17735,5.27734,56.90000
2023-10-23 23:19:02,0.06768,62.55024,5.49023,57.06000
2023-10-23 23:19:03,0.03495,62.53836,5.31836,57.22000
2023-10-23 23:19:04,0.06086,62.45305,5.37305,57.08000
2023-10-23 23:19:05,0.01237,62.52469,5.30469,57.22000
2023-10-23 23:19:06,0.01275,62.39203,5.33203,57.06000
2023-10-23 23:19:07,0.01996,62.21711,5.28711,56.93000
2023-10-23 23:19:08,0.06938,62.57414,5.49414,57.08000
2023-10-23 23:19:09,0.00838,61.51656,5.22656,56.29000
2023-10-23 23:19:10,0.15232,66.81265,7.22266,59.59000
2023-10-23 23:19:11,0.03707,62.02898,5.70898,56.32000
2023-10-23 23:19:12,0.06553,66.84984,5.83984,61.01000
2023-10-23 23:19:13,0.02498,61.68133,5.36133,56.32000
2023-10-23 23:19:14,0.02103,61.49109,5.37109,56.12000
2023-10-23 23:19:15,0.00731,40.46883,4.79883,35.67000
2023-10-23 23:19:16,0.01004,39.19578,3.67578,35.52000
2023-10-23 23:19:17,0.00839,39.07141,3.69141,35.38000
2023-10-23 23:19:18,0.02185,32.31797,3.41797,28.90000
2023-10-23 23:19:19,0.00840,32.12656,3.22656,28.90000
2023-10-23 23:19:28,0.17410,48.58187,5.92188,42.66000
2023-10-23 23:19:29,0.03277,43.70203,4.08203,39.62000
2023-10-23 23:19:30,0.01092,43.87984,4.08984,39.79000
2023-10-23 23:19:31,0.00504,39.31164,3.93164,35.38000
2023-10-23 23:19:32,0.01682,39.18883,3.79883,35.39000
2023-10-23 23:19:33,0.01674,39.02820,3.65820,35.37000
2023-10-23 23:19:34,0.02605,32.96149,3.52148,29.44000
2023-10-23 23:19:35,0.03595,32.15422,3.57422,28.58000
2023-10-23 23:19:36,0.02092,23.32406,3.16406,20.16000
2023-10-23 23:19:37,0.06631,20.34055,2.56055,17.78000
2023-10-23 23:19:38,0.02483,20.90289,2.46289,18.44000
2023-10-23 23:19:39,0.06679,15.04992,2.41992,12.63000
2023-10-23 23:19:40,0.02019,16.04062,2.14063,13.90000
2023-10-23 23:19:41,0.00894,15.69719,2.11719,13.58000
2023-10-23 23:19:42,0.00456,17.50141,2.19141,15.31000
2023-10-23 23:19:43,0.05756,15.07297,2.29297,12.78000
2023-10-23 23:19:44,0.00997,15.19180,2.09180,13.10000
2023-10-23 23:19:45,0.13621,65.76555,5.43555,60.33000
2023-10-23 23:19:46,0.18083,66.53180,7.59180,58.94000
2023-10-23 23:19:47,0.06549,62.11070,5.97070,56.14000
2023-10-23 23:19:48,0.00821,61.41148,5.27148,56.14000
2023-10-23 23:19:49,0.01335,61.60320,5.28320,56.32000
2023-10-23 23:19:50,0.01354,61.87219,5.24219,56.63000
2023-10-23 23:19:51,0.00912,61.56930,5.27930,56.29000
2023-10-23 23:19:52,0.00823,61.91227,5.32227,56.59000
2023-10-23 23:19:53,0.02302,62.01430,5.40430,56.61000
2023-10-23 23:19:55,0.01155,62.07469,5.30469,56.77000
2023-10-23 23:19:56,0.10923,62.21789,5.58789,56.63000
2023-10-23 23:20:03,0.14020,66.60086,6.38086,60.22000
2023-10-23 23:20:04,0.21478,69.14484,7.71484,61.43000
2023-10-23 23:20:05,0.11234,64.35617,5.82617,58.53000
2023-10-23 23:20:06,0.05784,62.66547,5.60547,57.06000
2023-10-23 23:20:07,0.02027,62.47602,5.41602,57.06000
2023-10-23 23:20:08,0.01771,62.54813,5.32813,57.22000
2023-10-23 23:20:09,0.02363,64.10750,5.43750,58.67000
2023-10-23 23:20:10,0.03623,62.74570,5.84570,56.90000
2023-10-23 23:20:11,0.00755,65.84664,5.30664,60.54000
2023-10-23 23:20:12,0.06560,62.37922,5.44922,56.93000
2023-10-23 23:20:13,0.03185,62.44477,5.38477,57.06000
2023-10-23 23:20:14,0.06154,62.36164,5.43164,56.93000
2023-10-23 23:20:15,0.01771,62.38078,5.30078,57.08000
2023-10-23 23:20:17,0.00504,62.18586,5.25586,56.93000
2023-10-23 23:20:18,0.00515,62.36195,5.25195,57.11000
2023-10-23 23:20:19,0.10540,64.74773,5.67773,59.07000
2023-10-23 23:20:20,0.02196,62.41594,5.33594,57.08000
2023-10-23 23:20:21,0.17577,67.85899,7.45898,60.40000
2023-10-23 23:20:22,0.03565,63.77578,5.67578,58.10000
2023-10-23 23:20:23,0.01306,61.71172,5.26172,56.45000
2023-10-23 23:20:24,0.01692,61.44711,5.28711,56.16000
2023-10-23 23:20:25,0.08333,62.25094,5.96094,56.29000
2023-10-23 23:20:26,0.01108,61.38023,5.24023,56.14000
2023-10-23 23:20:27,0.01280,48.39383,4.67383,43.72000
2023-10-23 23:20:28,0.01714,48.07938,4.35938,43.72000
2023-10-23 23:20:29,0.02891,40.26773,4.42773,35.84000
2023-10-23 23:20:30,0.00936,39.57047,3.73047,35.84000
2023-10-23 23:20:38,0.07246,47.54797,4.91797,42.63000
2023-10-23 23:20:39,0.01263,42.08164,4.18164,37.90000
2023-10-23 23:20:41,0.00756,41.61133,3.86133,37.75000
2023-10-23 23:20:42,0.01585,41.58594,3.83594,37.75000
2023-10-23 23:20:43,0.02185,39.21227,3.82227,35.39000
2023-10-23 23:20:44,0.01686,39.20555,3.68555,35.52000
2023-10-23 23:20:45,0.02283,32.91383,3.67383,29.24000
2023-10-23 23:20:46,0.04727,32.31633,3.73633,28.58000
2023-10-23 23:20:47,0.01366,32.92430,3.15430,29.77000
2023-10-23 23:20:48,0.06179,31.98625,3.40625,28.58000
2023-10-23 23:20:49,0.03965,21.91414,2.99414,18.92000
2023-10-23 23:20:50,0.06696,18.55805,2.49805,16.06000
2023-10-23 23:20:51,0.01305,18.48172,2.26172,16.22000
2023-10-23 23:20:52,0.01007,15.88648,2.14648,13.74000
2023-10-23 23:20:53,0.01247,16.20063,2.14063,14.06000
2023-10-23 23:20:54,0.05410,15.45570,2.34570,13.11000
2023-10-23 23:20:55,0.00924,14.83297,2.04297,12.79000
2023-10-23 23:20:56,0.12870,65.27782,5.25781,60.02000
2023-10-23 23:20:57,0.08953,62.53758,6.26758,56.27000
2023-10-23 23:20:58,0.01676,61.41148,5.27148,56.14000
2023-10-23 23:20:59,0.00589,61.35484,5.21484,56.14000
2023-10-23 23:21:00,0.03104,61.59664,5.30664,56.29000
2023-10-23 23:21:01,0.00921,61.49899,5.20898,56.29000
2023-10-23 23:21:02,0.00597,61.72391,5.25391,56.47000
2023-10-23 23:21:03,0.01295,61.95422,5.32422,56.63000
2023-10-23 23:21:04,0.02099,62.12547,5.35547,56.77000
2023-10-23 23:21:05,0.00919,61.99414,5.24414,56.75000
2023-10-23 23:21:14,0.03028,62.77953,5.51953,57.26000
2023-10-23 23:21:15,0.01839,62.46352,5.35352,57.11000
2023-10-23 23:21:16,0.00928,62.33930,5.27930,57.06000
2023-10-23 23:21:17,0.00932,62.18391,5.25391,56.93000
2023-10-23 23:21:18,0.01844,62.42961,5.34961,57.08000
2023-10-23 23:21:19,0.01174,62.21172,5.26172,56.95000
2023-10-23 23:21:20,0.01594,64.66180,5.34180,59.32000
2023-10-23 23:21:21,0.04458,62.89641,5.81641,57.08000
2023-10-23 23:21:22,0.00753,62.16906,5.28906,56.88000
2023-10-23 23:21:23,0.06969,62.55219,5.49219,57.06000
2023-10-23 23:21:24,0.02946,62.42328,5.36328,57.06000
2023-10-23 23:21:25,0.05560,62.48625,5.40625,57.08000
2023-10-23 23:21:26,0.01009,62.41109,5.37109,57.04000
2023-10-23 23:21:27,0.00587,62.35102,5.29102,57.06000
2023-10-23 23:21:28,0.00669,62.19563,5.26563,56.93000
2023-10-23 23:21:29,0.06661,62.95094,5.71094,57.24000
2023-10-23 23:21:30,0.00755,62.37367,5.26367,57.11000
2023-10-23 23:21:31,0.14661,67.02859,7.30859,59.72000
2023-10-23 23:21:32,0.04632,61.88180,5.59180,56.29000
2023-10-23 23:21:33,0.05105,62.01156,5.85156,56.16000
2023-10-23 23:21:34,0.00839,61.69070,5.22070,56.47000
2023-10-23 23:21:35,0.01008,61.55172,5.26172,56.29000
2023-10-23 23:21:36,0.02263,61.63836,5.31836,56.32000
2023-10-23 23:21:37,0.00673,61.51414,5.24414,56.27000
2023-10-23 23:21:38,0.01171,40.34813,4.82813,35.52000
2023-10-23 23:21:39,0.02596,39.68859,3.80859,35.88000
2023-10-23 23:21:40,0.01417,39.49508,3.70508,35.79000
2023-10-23 23:21:49,0.05966,42.81586,4.75586,38.06000
2023-10-23 23:21:50,0.02083,41.72656,3.97656,37.75000
2023-10-23 23:21:51,0.01088,41.63086,3.88086,37.75000
2023-10-23 23:21:52,0.00755,39.32859,3.80859,35.52000
2023-10-23 23:21:53,0.02103,39.19078,3.80078,35.39000
2023-10-23 23:21:54,0.01338,39.06945,3.68945,35.38000
2023-10-23 23:21:55,0.02754,32.91547,3.35547,29.56000
2023-10-23 23:21:56,0.04723,32.12531,3.69531,28.43000
2023-10-23 23:21:57,0.00731,32.02484,3.21484,28.81000
2023-10-23 23:21:58,0.08973,22.01734,3.27734,18.74000
2023-10-23 23:21:59,0.02638,21.10508,2.20508,18.90000
2023-10-23 23:22:00,0.06524,18.84289,2.46289,16.38000
2023-10-23 23:22:01,0.01370,14.48969,2.17969,12.31000
2023-10-23 23:22:02,0.01117,15.09234,2.15234,12.94000
2023-10-23 23:22:03,0.00994,16.41945,2.18945,14.23000
2023-10-23 23:22:04,0.06465,42.03117,3.20117,38.83000
2023-10-23 23:22:05,0.00755,42.93750,3.93750,39.00000
2023-10-23 23:22:06,0.14286,67.76203,6.33203,61.43000
2023-10-23 23:22:07,0.01784,61.30227,5.32227,55.98000
2023-10-23 23:22:09,0.07888,62.58008,6.08008,56.50000
2023-10-23 23:22:10,0.01174,61.54391,5.25391,56.29000
2023-10-23 23:22:11,0.01172,61.58953,5.26953,56.32000
2023-10-23 23:22:12,0.01508,61.81180,5.34180,56.47000
2023-10-23 23:22:13,0.01006,61.69219,5.24219,56.45000
2023-10-23 23:22:14,0.02685,62.07469,5.30469,56.77000
2023-10-23 23:22:15,0.02730,62.18797,5.41797,56.77000
2023-10-23 23:22:16,0.01258,62.04031,5.32031,56.72000
2023-10-23 23:22:24,0.09754,64.91750,5.68750,59.23000
2023-10-23 23:22:25,0.13590,65.60000,6.50000,59.10000
2023-10-23 23:22:26,0.13529,62.99672,5.88672,57.11000
2023-10-23 23:22:27,0.05888,63.10313,5.70313,57.40000
2023-10-23 23:22:28,0.17704,67.50594,7.08594,60.42000
2023-10-23 23:22:30,0.03177,62.29453,5.39453,56.90000
2023-10-23 23:22:31,0.01374,64.78796,5.41797,59.37000
2023-10-23 23:22:32,0.05613,62.84141,5.94141,56.90000
2023-10-23 23:22:33,0.00790,64.08664,5.30664,58.78000
2023-10-23 23:22:34,0.05813,62.51945,5.43945,57.08000
2023-10-23 23:22:35,0.04563,62.66234,5.40234,57.26000
2023-10-23 23:22:36,0.05354,62.11523,5.36523,56.75000
2023-10-23 23:22:37,0.01112,62.37055,5.31055,57.06000
2023-10-23 23:22:38,0.00671,62.37492,5.29492,57.08000
2023-10-23 23:22:39,0.00836,62.22102,5.29102,56.93000
2023-10-23 23:22:40,0.05542,62.66985,5.58984,57.08000
2023-10-23 23:22:41,0.00588,62.39711,5.28711,57.11000
2023-10-23 23:22:42,0.14154,67.55351,7.35352,60.20000
2023-10-23 23:22:43,0.09258,62.65508,6.20508,56.45000
2023-10-23 23:22:44,0.01255,61.36852,5.22852,56.14000
2023-10-23 23:22:45,0.01091,61.52828,5.23828,56.29000
2023-10-23 23:22:46,0.01430,61.42758,5.26758,56.16000
2023-10-23 23:22:47,0.01281,61.46273,5.30273,56.16000
2023-10-23 23:22:48,0.00687,61.39242,5.23242,56.16000
2023-10-23 23:22:49,0.01094,61.56734,5.27734,56.29000
2023-10-23 23:22:50,0.02181,41.19750,5.18750,36.01000
2023-10-23 23:22:51,0.01171,39.59781,3.75781,35.84000
2023-10-23 23:23:00,0.09915,48.79649,4.89648,43.90000
2023-10-23 23:23:01,0.12293,43.75508,4.45508,39.30000
2023-10-23 23:23:02,0.03827,42.63547,4.10547,38.53000
2023-10-23 23:23:03,0.00934,39.57844,3.89844,35.68000
2023-10-23 23:23:04,0.02585,39.20469,3.80469,35.40000
2023-10-23 23:23:05,0.01257,39.19188,3.67188,35.52000
2023-10-23 23:23:06,0.02521,33.57844,3.64844,29.93000
2023-10-23 23:23:07,0.04061,32.14836,3.56836,28.58000
2023-10-23 23:23:08,0.02357,32.44539,3.27539,29.17000
2023-10-23 23:23:09,0.06571,31.91203,3.33203,28.58000
2023-10-23 23:23:10,0.03906,31.86711,3.28711,28.58000
2023-10-23 23:23:11,0.05877,20.70742,2.60742,18.10000
2023-10-23 23:23:12,0.01564,18.48367,2.26367,16.22000
2023-10-23 23:23:13,0.00950,15.43406,2.16406,13.27000
2023-10-23 23:23:14,0.01003,16.35086,2.13086,14.22000
2023-10-23 23:23:15,0.05897,16.10523,2.36523,13.74000
2023-10-23 23:23:16,0.00671,14.84859,2.05859,12.79000
2023-10-23 23:23:17,0.13793,65.29656,5.72656,59.57000
2023-10-23 23:23:18,0.05038,61.84016,5.66016,56.18000
2023-10-23 23:23:19,0.06124,62.02281,5.88281,56.14000
2023-10-23 23:23:20,0.00673,61.52828,5.23828,56.29000
2023-10-23 23:23:21,0.02513,61.56734,5.27734,56.29000
2023-10-23 23:23:22,0.00873,62.65586,5.25586,57.40000
2023-10-23 23:23:23,0.01091,61.93859,5.30859,56.63000
2023-10-23 23:23:24,0.01419,61.88977,5.25977,56.63000
2023-10-23 23:23:25,0.02588,62.26719,5.36719,56.90000
2023-10-23 23:23:26,0.00840,62.05516,5.28516,56.77000
2023-10-23 23:23:27,0.08552,62.36641,5.56641,56.80000
2023-10-23 23:23:35,0.20389,68.04094,7.71094,60.33000
2023-10-23 23:23:36,0.14262,63.90555,6.68555,57.22000
2023-10-23 23:23:37,0.00931,62.33149,5.27148,57.06000
2023-10-23 23:23:38,0.00822,62.41594,5.33594,57.08000
2023-10-23 23:23:39,0.02813,62.54992,5.41992,57.13000
2023-10-23 23:23:40,0.01354,62.56422,5.32422,57.24000
2023-10-23 23:23:41,0.02705,64.41624,5.40625,59.01000
2023-10-23 23:23:42,0.04851,62.65852,5.72852,56.93000
2023-10-23 23:23:43,0.00867,64.67516,5.28516,59.39000
2023-10-23 23:23:44,0.07832,62.78266,5.47266,57.31000
2023-10-23 23:23:45,0.02622,62.78133,5.36133,57.42000
2023-10-23 23:23:46,0.06816,62.23680,5.46680,56.77000
2023-10-23 23:23:47,0.00854,62.53297,5.29297,57.24000
2023-10-23 23:23:48,0.00504,62.21906,5.28906,56.93000
2023-10-23 23:23:49,0.01255,62.50758,5.26758,57.24000
2023-10-23 23:23:50,0.06728,61.83055,5.56055,56.27000
2023-10-23 23:23:51,0.00836,61.51266,5.22266,56.29000
2023-10-23 23:23:52,0.15417,65.89235,7.40234,58.49000
2023-10-23 23:23:53,0.09428,67.14133,6.36133,60.78000
2023-10-23 23:23:54,0.02558,61.87680,5.46680,56.41000
2023-10-23 23:23:55,0.01194,61.52977,5.25977,56.27000
2023-10-23 23:23:56,0.01340,61.77734,5.27734,56.50000
2023-10-23 23:23:58,0.01756,61.60203,5.33203,56.27000
2023-10-23 23:23:59,0.01028,61.57000,5.25000,56.32000
2023-10-23 23:24:00,0.01632,39.82500,4.12500,35.70000
2023-10-23 23:24:01,0.02050,39.70547,3.85547,35.85000
2023-10-23 23:24:02,0.01190,32.71992,3.66992,29.05000
2023-10-23 23:24:03,0.06723,32.21656,3.47656,28.74000