element_image_date,element_image_cpu_utilization,element_image_total_power,element_image_cpu_power,element_image_gpu_power
2023-10-23 23:40:27,0.15064,47.65586,5.75586,41.90000
2023-10-23 23:40:28,0.22952,48.72734,6.52734,42.20000
2023-10-23 23:40:29,0.04443,46.31852,4.47852,41.84000
2023-10-23 23:40:30,0.01004,45.97867,4.13867,41.84000
2023-10-23 23:40:31,0.02008,46.26390,4.25391,42.01000
2023-10-23 23:40:32,0.01267,45.98476,4.13477,41.85000
2023-10-23 23:40:33,0.02539,47.38125,4.28125,43.10000
2023-10-23 23:40:34,0.04209,46.51578,4.67578,41.84000
2023-10-23 23:40:35,0.00755,46.64844,4.14844,42.50000
2023-10-23 23:40:36,0.06471,45.99883,4.29883,41.70000
2023-10-23 23:40:37,0.03286,46.05289,4.21289,41.84000
2023-10-23 23:40:38,0.05467,45.94805,4.24805,41.70000
2023-10-23 23:40:39,0.01437,46.20898,4.20898,42.00000
2023-10-23 23:40:40,0.00754,45.96844,4.14844,41.82000
2023-10-23 23:40:41,0.00835,45.81719,4.11719,41.70000
2023-10-23 23:40:42,0.10579,47.30281,5.38281,41.92000
2023-10-23 23:40:43,0.01175,46.12539,4.27539,41.85000
2023-10-23 23:40:44,0.09748,47.05734,5.27734,41.78000
2023-10-23 23:40:45,0.09480,48.08344,4.77344,43.31000
2023-10-23 23:40:46,0.10135,62.06508,6.20508,55.86000
2023-10-23 23:40:47,0.13445,65.74969,6.42969,59.32000
2023-10-23 23:40:48,0.05566,61.39063,5.39063,56.00000
2023-10-23 23:40:49,0.01276,61.38313,5.20313,56.18000
2023-10-23 23:40:50,0.02439,43.71539,4.52539,39.19000
2023-10-23 23:40:51,0.01256,43.11117,3.95117,39.16000
2023-10-23 23:40:52,0.02603,40.37492,4.04492,36.33000
2023-10-23 23:40:53,0.01603,38.87211,3.66211,35.21000
2023-10-23 23:41:02,0.09306,47.54414,4.99414,42.55000
2023-10-23 23:41:03,0.07445,41.54953,4.51953,37.03000
2023-10-23 23:41:04,0.18026,43.52547,5.60547,37.92000
2023-10-23 23:41:05,0.11251,40.34297,4.79297,35.55000
2023-10-23 23:41:06,0.02101,38.65242,3.73242,34.92000
2023-10-23 23:41:07,0.01005,38.72406,3.66406,35.06000
2023-10-23 23:41:08,0.01557,32.48977,3.50977,28.98000
2023-10-23 23:41:09,0.05754,31.89500,3.62500,28.27000
2023-10-23 23:41:10,0.00729,31.42211,3.16211,28.26000
2023-10-23 23:41:11,0.06816,19.61172,2.76172,16.85000
2023-10-23 23:41:12,0.03364,20.72492,2.29492,18.43000
2023-10-23 23:41:13,0.06454,15.52820,2.40820,13.12000
2023-10-23 23:41:14,0.01651,15.72844,2.14844,13.58000
2023-10-23 23:41:15,0.01127,14.99883,2.04883,12.95000
2023-10-23 23:41:16,0.01180,16.20453,2.14453,14.06000
2023-10-23 23:41:17,0.11542,16.24602,3.16602,13.08000
2023-10-23 23:41:18,0.02107,15.77727,2.19727,13.58000
2023-10-23 23:41:19,0.09500,45.91383,4.42383,41.49000
2023-10-23 23:41:20,0.06296,48.34117,4.70117,43.64000
2023-10-23 23:41:21,0.09139,61.61398,6.08398,55.53000
2023-10-23 23:41:22,0.12281,63.89719,5.86719,58.03000
2023-10-23 23:41:23,0.11542,61.92250,6.06250,55.86000
2023-10-23 23:41:24,0.02757,61.11586,5.25586,55.86000
2023-10-23 23:41:25,0.01174,61.22703,5.20703,56.02000
2023-10-23 23:41:26,0.02250,61.38461,5.22461,56.16000
2023-10-23 23:41:28,0.03440,61.45203,5.33203,56.12000
2023-10-23 23:41:29,0.00837,61.33969,5.17969,56.16000
2023-10-23 23:41:37,0.14174,66.76773,6.67773,60.09000
2023-10-23 23:41:38,0.11080,62.40586,5.75586,56.65000
2023-10-23 23:41:39,0.09734,65.13836,6.06836,59.07000
2023-10-23 23:41:40,0.12457,64.32594,6.58594,57.74000
2023-10-23 23:41:41,0.22816,66.12992,7.66992,58.46000
2023-10-23 23:41:42,0.04818,62.24867,5.63867,56.61000
2023-10-23 23:41:43,0.01930,64.40836,5.31836,59.09000
2023-10-23 23:41:44,0.04866,62.53563,5.76563,56.77000
2023-10-23 23:41:45,0.01423,64.18898,5.20898,58.98000
2023-10-23 23:41:46,0.05542,62.08508,5.45508,56.63000
2023-10-23 23:41:47,0.02879,62.03477,5.38477,56.65000
2023-10-23 23:41:48,0.05285,61.94984,5.33984,56.61000
2023-10-23 23:41:50,0.01086,62.17805,5.24805,56.93000
2023-10-23 23:41:51,0.01009,62.22688,5.29688,56.93000
2023-10-23 23:41:52,0.00503,61.85461,5.22461,56.63000
2023-10-23 23:41:53,0.11809,63.20086,6.38086,56.82000
2023-10-23 23:41:54,0.01674,62.16891,5.37891,56.79000
2023-10-23 23:41:55,0.10319,63.20734,6.52734,56.68000
2023-10-23 23:41:56,0.03440,62.37352,5.60352,56.77000
2023-10-23 23:41:57,0.11448,63.64156,6.85156,56.79000
2023-10-23 23:41:58,0.03308,64.46000,5.50000,58.96000
2023-10-23 23:41:59,0.13463,63.43938,6.35938,57.08000
2023-10-23 23:42:00,0.01007,62.16633,5.23633,56.93000
2023-10-23 23:42:01,0.03610,62.55094,5.71094,56.84000
2023-10-23 23:42:02,0.07069,41.38305,5.87305,35.51000
2023-10-23 23:42:03,0.02135,39.18078,3.80078,35.38000
2023-10-23 23:42:04,0.00597,39.08117,3.70117,35.38000
2023-10-23 23:42:13,0.16200,44.37164,5.93164,38.44000
2023-10-23 23:42:14,0.21423,44.06320,6.28320,37.78000
2023-10-23 23:42:15,0.12999,42.42562,5.01563,37.41000
2023-10-23 23:42:16,0.01441,39.13781,3.75781,35.38000
2023-10-23 23:42:17,0.01790,39.19688,3.79688,35.40000
2023-10-23 23:42:18,0.01105,32.28117,3.70117,28.58000
2023-10-23 23:42:19,0.01516,32.63515,3.28516,29.35000
2023-10-23 23:42:20,0.06203,32.46477,3.88477,28.58000
2023-10-23 23:42:21,0.00923,20.98781,2.75781,18.23000
2023-10-23 23:42:22,0.06993,19.27789,2.58789,16.69000
2023-10-23 23:42:23,0.04020,21.10352,2.35352,18.75000
2023-10-23 23:42:24,0.07576,15.50648,2.39648,13.11000
2023-10-23 23:42:25,0.02525,15.87477,2.13477,13.74000
2023-10-23 23:42:26,0.01348,14.38422,2.07422,12.31000
2023-10-23 23:42:27,0.01084,16.03281,2.13281,13.90000
2023-10-23 23:42:28,0.10495,16.41969,3.17969,13.24000
2023-10-23 23:42:29,0.01841,14.98336,2.19336,12.79000
2023-10-23 23:42:30,0.10000,15.84242,3.23242,12.61000
2023-10-23 23:42:31,0.07783,45.82625,2.90625,42.92000
2023-10-23 23:42:32,0.03188,46.26445,4.56445,41.70000
2023-10-23 23:42:33,0.12911,48.34242,5.23242,43.11000
2023-10-23 23:42:34,0.02894,46.05117,4.20117,41.85000
2023-10-23 23:42:35,0.00856,46.00211,4.16211,41.84000
2023-10-23 23:42:36,0.02594,46.14664,4.30664,41.84000
2023-10-23 23:42:37,0.01173,45.99383,4.17383,41.82000
2023-10-23 23:42:38,0.02172,46.09391,4.25391,41.84000
2023-10-23 23:42:39,0.00673,46.18773,4.17773,42.01000
2023-10-23 23:42:48,0.12300,47.34820,5.15820,42.19000
2023-10-23 23:42:49,0.01676,46.26195,4.25195,42.01000
2023-10-23 23:42:50,0.01593,46.32016,4.16016,42.16000
2023-10-23 23:42:51,0.01009,46.14453,4.14453,42.00000
2023-10-23 23:42:52,0.01598,46.25023,4.24023,42.01000
2023-10-23 23:42:53,0.01830,46.20336,4.19336,42.01000
2023-10-23 23:42:54,0.02200,47.45117,4.20117,43.25000
2023-10-23 23:42:55,0.06181,46.55094,4.71094,41.84000
2023-10-23 23:42:56,0.01356,46.99430,4.15430,42.84000
2023-10-23 23:42:57,0.07233,46.30594,4.33594,41.97000
2023-10-23 23:42:58,0.03072,46.34312,4.20313,42.14000
2023-10-23 23:42:59,0.06543,46.16836,4.31836,41.85000
2023-10-23 23:43:00,0.01196,46.21117,4.20117,42.01000
2023-10-23 23:43:01,0.01004,45.99820,4.15820,41.84000
2023-10-23 23:43:02,0.01360,45.99453,4.14453,41.85000
2023-10-23 23:43:03,0.10287,47.07281,5.13281,41.94000
2023-10-23 23:43:04,0.01259,46.40414,4.24414,42.16000
2023-10-23 23:43:05,0.09183,47.00656,5.22656,41.78000
2023-10-23 23:43:06,0.04201,48.05445,4.56445,43.49000
2023-10-23 23:43:07,0.10392,47.55352,5.35352,42.20000
2023-10-23 23:43:08,0.14754,46.85563,4.76563,42.09000
2023-10-23 23:43:09,0.07485,47.29469,4.80469,42.49000
2023-10-23 23:43:10,0.01277,46.18117,4.20117,41.98000
2023-10-23 23:43:11,0.01043,46.02164,4.18164,41.84000
2023-10-23 23:43:12,0.00927,45.99453,4.14453,41.85000
2023-10-23 23:43:13,0.01682,38.82172,3.76172,35.06000
2023-10-23 23:43:14,0.00587,38.87234,3.65234,35.22000
2023-10-23 23:43:23,0.11933,47.14977,4.75977,42.39000
2023-10-23 23:43:24,0.05981,40.33672,4.13672,36.20000
2023-10-23 23:43:25,0.01448,39.76586,3.75586,36.01000
2023-10-23 23:43:26,0.00675,39.37969,3.67969,35.70000
2023-10-23 23:43:27,0.02373,38.79414,3.74414,35.05000
2023-10-23 23:43:28,0.01326,38.75359,3.68359,35.07000
2023-10-23 23:43:29,0.01855,32.55109,3.37109,29.18000
2023-10-23 23:43:30,0.06577,32.16071,3.72070,28.44000
2023-10-23 23:43:31,0.01254,22.29156,3.10156,19.19000
2023-10-23 23:43:32,0.06862,18.24781,2.50781,15.74000
2023-10-23 23:43:33,0.03385,21.10570,2.34570,18.76000
2023-10-23 23:43:34,0.06922,15.22531,2.44531,12.78000
2023-10-23 23:43:35,0.02202,15.37156,2.10156,13.27000
2023-10-23 23:43:36,0.00549,14.42133,2.11133,12.31000
2023-10-23 23:43:37,0.00771,15.86305,2.12305,13.74000
2023-10-23 23:43:38,0.12152,15.91625,3.15625,12.76000
2023-10-23 23:43:39,0.01371,15.46484,2.21484,13.25000
2023-10-23 23:43:41,0.10952,15.80727,3.19727,12.61000
2023-10-23 23:43:42,0.08122,44.67141,2.69141,41.98000
2023-10-23 23:43:43,0.12233,47.77914,5.11914,42.66000
2023-10-23 23:43:44,0.07395,46.20602,4.66602,41.54000
2023-10-23 23:43:45,0.01926,45.70945,4.18945,41.52000
2023-10-23 23:43:46,0.01005,45.83867,4.13867,41.70000
2023-10-23 23:43:47,0.01176,45.89922,4.19922,41.70000
2023-10-23 23:43:48,0.00931,45.65524,4.11523,41.54000
2023-10-23 23:43:49,0.01844,46.05484,4.21484,41.84000
2023-10-23 23:43:50,0.01334,45.91352,4.10352,41.81000
2023-10-23 23:43:58,0.00670,46.13086,4.13086,42.00000
2023-10-23 23:43:59,0.01682,46.06484,4.21484,41.85000
2023-10-23 23:44:00,0.01179,46.14476,4.13477,42.01000
2023-10-23 23:44:02,0.00924,46.12891,4.12891,42.00000
2023-10-23 23:44:03,0.01944,46.03531,4.19531,41.84000
2023-10-23 23:44:04,0.01421,45.81133,4.11133,41.70000
2023-10-23 23:44:05,0.01352,47.07969,4.17969,42.90000
2023-10-23 23:44:06,0.07373,46.54140,4.69141,41.85000
2023-10-23 23:44:07,0.01184,45.85820,4.15820,41.70000
2023-10-23 23:44:08,0.09298,46.54562,4.51563,42.03000
2023-10-23 23:44:09,0.04307,46.19531,4.19531,42.00000
2023-10-23 23:44:10,0.05818,46.04313,4.20313,41.84000
2023-10-23 23:44:11,0.01090,46.20336,4.19336,42.01000
2023-10-23 23:44:12,0.00837,45.96328,4.11328,41.85000
2023-10-23 23:44:13,0.00669,46.09984,4.08984,42.01000
2023-10-23 23:44:14,0.10185,46.84250,5.06250,41.78000
2023-10-23 23:44:15,0.01421,46.07851,4.22852,41.85000
2023-10-23 23:44:16,0.09289,47.12188,5.17188,41.95000
2023-10-23 23:44:17,0.06365,47.38578,4.67578,42.71000
2023-10-23 23:44:18,0.07830,46.86953,5.01953,41.85000
2023-10-23 23:44:19,0.13632,47.54633,4.73633,42.81000
2023-10-23 23:44:20,0.01706,46.14844,4.14844,42.00000
2023-10-23 23:44:21,0.01308,46.03945,4.18945,41.85000
2023-10-23 23:44:22,0.04891,46.62500,4.62500,42.00000
2023-10-23 23:44:23,0.01262,39.08914,3.86914,35.22000
2023-10-23 23:44:24,0.01926,38.80047,3.73047,35.07000
2023-10-23 23:44:25,0.04034,32.30914,3.86914,28.44000
2023-10-23 23:44:34,0.00334,46.45063,4.14063,42.31000
2023-10-23 23:44:35,0.02012,40.40273,4.05273,36.35000
2023-10-23 23:44:36,0.00759,39.88140,3.69141,36.19000
2023-10-23 23:44:37,0.14405,42.31516,5.28516,37.03000
2023-10-23 23:44:38,0.19267,41.88344,5.77344,36.11000
2023-10-23 23:44:39,0.04359,38.88031,3.82031,35.06000
2023-10-23 23:44:40,0.00927,32.61766,3.59766,29.02000
2023-10-23 23:44:41,0.06544,32.22906,3.78906,28.44000
2023-10-23 23:44:42,0.00729,31.40281,3.13281,28.27000
2023-10-23 23:44:43,0.07193,21.68383,2.92383,18.76000
2023-10-23 23:44:44,0.04184,20.52438,2.23438,18.29000
2023-10-23 23:44:45,0.06155,18.81750,2.43750,16.38000
2023-10-23 23:44:46,0.01689,15.19984,2.08984,13.11000
2023-10-23 23:44:47,0.01005,15.54523,2.11523,13.43000
2023-10-23 23:44:48,0.01004,15.39672,2.13672,13.26000
2023-10-23 23:44:49,0.08728,14.96820,2.65820,12.31000
2023-10-23 23:44:50,0.00783,14.31000,2.00000,12.31000
2023-10-23 23:44:51,0.09921,15.89305,3.12305,12.77000
2023-10-23 23:44:52,0.04810,17.47414,2.49414,14.98000
2023-10-23 23:44:53,0.06097,42.57383,4.67383,37.90000
2023-10-23 23:44:54,0.13985,43.56133,4.86133,38.70000
2023-10-23 23:44:55,0.01528,41.89961,3.84961,38.05000
2023-10-23 23:44:56,0.01389,41.98969,3.92969,38.06000
2023-10-23 23:44:57,0.01005,42.16938,3.85938,38.31000
2023-10-23 23:44:58,0.05657,42.36891,4.12891,38.24000
2023-10-23 23:44:59,0.03086,42.39953,4.01953,38.38000
2023-10-23 23:45:00,0.01590,42.25500,3.87500,38.38000
2023-10-23 23:45:09,0.00334,46.56766,4.09766,42.47000
2023-10-23 23:45:10,0.05868,47.59023,4.74023,42.85000
2023-10-23 23:45:11,0.19257,49.49797,6.16797,43.33000
2023-10-23 23:45:12,0.13253,47.04383,5.17383,41.87000
2023-10-23 23:45:13,0.02881,46.20383,4.17383,42.03000
2023-10-23 23:45:14,0.00846,45.98086,4.13086,41.85000
2023-10-23 23:45:15,0.02209,46.76164,4.18164,42.58000
2023-10-23 23:45:16,0.06546,46.61172,4.76172,41.85000
2023-10-23 23:45:17,0.00839,46.77594,4.08594,42.69000
2023-10-23 23:45:18,0.05042,46.11172,4.26172,41.85000
2023-10-23 23:45:19,0.02259,46.14406,4.16406,41.98000
2023-10-23 23:45:20,0.04849,45.93828,4.23828,41.70000
2023-10-23 23:45:21,0.01763,46.15062,4.14063,42.01000
2023-10-23 23:45:22,0.00920,45.79328,4.11328,41.68000
2023-10-23 23:45:23,0.00753,45.93570,4.09570,41.84000
2023-10-23 23:45:24,0.07538,46.63695,4.62695,42.01000
2023-10-23 23:45:25,0.00839,45.96766,4.09766,41.87000
2023-10-23 23:45:26,0.09783,47.20000,5.25000,41.95000
2023-10-23 23:45:27,0.05143,47.63469,4.55469,43.08000
2023-10-23 23:45:28,0.09014,46.96312,4.95313,42.01000
2023-10-23 23:45:29,0.01589,46.92164,4.18164,42.74000
2023-10-23 23:45:30,0.12563,48.68336,4.94336,43.74000
2023-10-23 23:45:32,0.13596,47.86203,4.58203,43.28000
2023-10-23 23:45:33,0.13732,48.62312,4.70313,43.92000
2023-10-23 23:45:34,0.03020,39.18500,4.12500,35.06000
2023-10-23 23:45:35,0.01928,38.94242,3.73242,35.21000
2023-10-23 23:45:36,0.01343,39.01891,3.62891,35.39000
2023-10-23 23:45:37,0.05978,32.13141,3.69141,28.44000
2023-10-23 23:45:38,0.01089,31.53961,3.09961,28.44000
2023-10-23 23:45:39,0.00927,31.51375,3.09375,28.42000
2023-10-23 23:45:40,0.01254,18.67687,2.29688,16.38000
2023-10-23 23:45:44,0.07216,46.73281,4.88281,41.85000
2023-10-23 23:45:45,0.01510,39.64297,3.79297,35.85000
2023-10-23 23:45:46,0.01855,39.37922,3.69922,35.68000
2023-10-23 23:45:47,0.01349,38.87062,3.64063,35.23000
2023-10-23 23:45:48,0.02108,38.75945,3.68945,35.07000
2023-10-23 23:45:49,0.01106,38.70649,3.64648,35.06000
2023-10-23 23:45:50,0.01356,32.51594,3.33594,29.18000
2023-10-23 23:45:51,0.05518,32.13742,3.85742,28.28000
2023-10-23 23:45:52,0.00923,19.10297,3.04297,16.06000
2023-10-23 23:45:53,0.07342,21.41609,2.49609,18.92000
2023-10-23 23:45:55,0.03526,20.22953,2.26953,17.96000
2023-10-23 23:45:56,0.07492,15.12813,2.32813,12.80000
2023-10-23 23:45:57,0.01855,15.23305,2.12305,13.11000
2023-10-23 23:45:58,0.00755,14.84273,2.05273,12.79000
2023-10-23 23:45:59,0.01333,15.69719,2.11719,13.58000
2023-10-23 23:46:00,0.13473,15.50680,3.21680,12.29000
2023-10-23 23:46:01,0.01756,15.61141,2.19141,13.42000
2023-10-23 23:46:02,0.09459,15.61992,3.16992,12.45000
2023-10-23 23:46:03,0.08622,45.70297,3.29297,42.41000
2023-10-23 23:46:04,0.04762,45.95359,4.43359,41.52000
2023-10-23 23:46:05,0.09370,47.92461,4.97461,42.95000
2023-10-23 23:46:06,0.06879,46.12969,4.42969,41.70000
2023-10-23 23:46:07,0.00679,45.81328,4.11328,41.70000
2023-10-23 23:46:08,0.01506,45.84453,4.14453,41.70000
2023-10-23 23:46:09,0.01175,45.63594,4.08594,41.55000
2023-10-23 23:46:10,0.02027,46.03750,4.18750,41.85000
2023-10-23 23:46:11,0.00844,45.96695,4.12695,41.84000
2023-10-23 23:46:20,0.13190,48.40711,5.28711,43.12000
2023-10-23 23:46:21,0.11775,47.70203,4.58203,43.12000
2023-10-23 23:46:22,0.12352,47.94016,4.66016,43.28000
2023-10-23 23:46:23,0.10408,47.58195,4.50195,43.08000
2023-10-23 23:46:24,0.11561,47.68617,4.57617,43.11000
2023-10-23 23:46:25,0.06441,46.38711,4.53711,41.85000
2023-10-23 23:46:26,0.02357,47.03367,4.26367,42.77000
2023-10-23 23:46:27,0.06403,46.51601,4.66602,41.85000
2023-10-23 23:46:28,0.01763,46.32117,4.20117,42.12000
2023-10-23 23:46:29,0.05514,46.12344,4.27344,41.85000
2023-10-23 23:46:30,0.03183,46.26172,4.26172,42.00000
2023-10-23 23:46:31,0.05281,46.41586,4.25586,42.16000
2023-10-23 23:46:32,0.00672,46.20117,4.20117,42.00000
2023-10-23 23:46:33,0.00837,46.12891,4.12891,42.00000
2023-10-23 23:46:34,0.00835,45.94375,4.09375,41.85000
2023-10-23 23:46:35,0.11195,47.18516,5.28516,41.90000
2023-10-23 23:46:36,0.00838,46.04187,4.17188,41.87000
2023-10-23 23:46:37,0.09540,47.20391,5.25391,41.95000
2023-10-23 23:46:38,0.08024,47.61883,5.04883,42.57000
2023-10-23 23:46:39,0.07640,47.67414,4.74414,42.93000
2023-10-23 23:46:40,0.12587,46.90125,5.03125,41.87000
2023-10-23 23:46:41,0.02836,46.08484,4.21484,41.87000
2023-10-23 23:46:42,0.01261,46.33406,4.16406,42.17000
2023-10-23 23:46:43,0.00801,45.99258,4.14258,41.85000
2023-10-23 23:46:44,0.00845,38.79633,3.73633,35.06000
2023-10-23 23:46:45,0.02097,38.91750,3.68750,35.23000
2023-10-23 23:46:46,0.00842,31.98492,3.54492,28.44000
2023-10-23 23:46:55,0.13428,48.29164,5.18164,43.11000
2023-10-23 23:46:56,0.15426,42.22094,4.96094,37.26000
2023-10-23 23:46:57,0.15803,42.00938,5.35938,36.65000
2023-10-23 23:46:58,0.02045,39.13195,3.75195,35.38000
2023-10-23 23:46:59,0.02344,38.78266,3.72266,35.06000
2023-10-23 23:47:00,0.01936,38.70258,3.64258,35.06000
2023-10-23 23:47:01,0.01408,32.73445,3.56445,29.17000
2023-10-23 23:47:02,0.06597,32.22102,3.79102,28.43000
2023-10-23 23:47:03,0.01438,32.49797,3.16797,29.33000
2023-10-23 23:47:04,0.07221,20.65945,2.68945,17.97000
2023-10-23 23:47:05,0.02944,20.79531,2.19531,18.60000
2023-10-23 23:47:06,0.05808,16.88891,2.37891,14.51000
2023-10-23 23:47:07,0.01866,14.36078,2.05078,12.31000
2023-10-23 23:47:08,0.01259,14.81148,2.02148,12.79000
2023-10-23 23:47:09,0.00919,14.86227,2.07227,12.79000
2023-10-23 23:47:10,0.11714,15.43625,3.15625,12.28000
2023-10-23 23:47:11,0.01444,14.39594,2.08594,12.31000
2023-10-23 23:47:12,0.11720,16.18391,3.25391,12.93000
2023-10-23 23:47:13,0.04814,18.31000,2.50000,15.81000
2023-10-23 23:47:14,0.06083,42.92086,4.38086,38.54000
2023-10-23 23:47:15,0.03125,43.10938,4.10938,39.00000
2023-10-23 23:47:16,0.11626,43.35625,4.65625,38.70000
2023-10-23 23:47:17,0.01667,42.55500,3.87500,38.68000
2023-10-23 23:47:18,0.00758,42.47945,3.93945,38.54000
2023-10-23 23:47:20,0.02003,42.49336,3.94336,38.55000
2023-10-23 23:47:21,0.02269,42.80727,3.94727,38.86000
2023-10-23 23:47:22,0.00587,42.65305,3.87305,38.78000
2023-10-23 23:47:30,0.10684,48.24680,4.96680,43.28000
2023-10-23 23:47:31,0.11735,47.82297,4.54297,43.28000
2023-10-23 23:47:32,0.11121,47.71242,4.48242,43.23000
2023-10-23 23:47:33,0.08010,46.64672,4.63672,42.01000
2023-10-23 23:47:34,0.01934,46.23828,4.23828,42.00000
2023-10-23 23:47:35,0.01685,46.16016,4.16016,42.00000
2023-10-23 23:47:36,0.01347,47.14758,4.26758,42.88000
2023-10-23 23:47:37,0.05616,46.66055,4.81055,41.85000
2023-10-23 23:47:38,0.02008,46.61187,4.17188,42.44000
2023-10-23 23:47:39,0.06339,46.11609,4.24609,41.87000
2023-10-23 23:47:40,0.04017,46.05289,4.21289,41.84000
2023-10-23 23:47:41,0.05774,46.20828,4.23828,41.97000
2023-10-23 23:47:43,0.01174,46.20531,4.19531,42.01000
2023-10-23 23:47:44,0.00838,45.98086,4.13086,41.85000
2023-10-23 23:47:45,0.00252,45.91766,4.09766,41.82000
2023-10-23 23:47:46,0.11503,47.02984,5.08984,41.94000
2023-10-23 23:47:47,0.01008,46.38266,4.22266,42.16000
2023-10-23 23:47:48,0.10518,47.08102,5.29102,41.79000
2023-10-23 23:47:49,0.06605,47.43328,4.86328,42.57000
2023-10-23 23:47:50,0.04655,46.76367,4.76367,42.00000
2023-10-23 23:47:51,0.15749,47.36406,5.16406,42.20000
2023-10-23 23:47:52,0.02103,46.16039,4.15039,42.01000
2023-10-23 23:47:53,0.01503,46.11914,4.11914,42.00000
2023-10-23 23:47:54,0.01264,46.35750,4.18750,42.17000
2023-10-23 23:47:55,0.00756,39.22609,3.99609,35.23000
2023-10-23 23:47:56,0.01679,38.96024,3.74023,35.22000
2023-10-23 23:47:57,0.00673,38.84086,3.63086,35.21000
2023-10-23 23:48:06,0.12595,42.02664,5.05664,36.97000
2023-10-23 23:48:07,0.11719,40.65820,4.15820,36.50000
2023-10-23 23:48:08,0.10820,40.86180,4.09180,36.77000
2023-10-23 23:48:09,0.08945,39.54813,4.32813,35.22000
2023-10-23 23:48:10,0.01681,38.96586,3.75586,35.21000
2023-10-23 23:48:11,0.01182,38.90945,3.68945,35.22000
2023-10-23 23:48:12,0.01847,32.91953,3.26953,29.65000
2023-10-23 23:48:13,0.05695,32.15852,3.72852,28.43000
2023-10-23 23:48:14,0.01760,22.88477,2.88477,20.00000
2023-10-23 23:48:15,0.07155,18.70070,2.47070,16.23000
2023-10-23 23:48:16,0.03660,20.54016,2.41016,18.13000
2023-10-23 23:48:17,0.07550,16.84859,2.30859,14.54000
2023-10-23 23:48:18,0.01765,14.54031,2.07031,12.47000
2023-10-23 23:48:19,0.00672,14.69641,2.06641,12.63000
2023-10-23 23:48:20,0.00419,16.63547,2.10547,14.53000
2023-10-23 23:48:21,0.12322,45.57703,3.95703,41.62000
2023-10-23 23:48:22,0.01261,45.95805,4.24805,41.71000
2023-10-23 23:48:23,0.10168,46.91906,5.28906,41.63000
2023-10-23 23:48:24,0.02349,47.06594,4.33594,42.73000
2023-10-23 23:48:25,0.07544,46.92461,5.22461,41.70000
2023-10-23 23:48:26,0.12735,48.81469,5.05469,43.76000
2023-10-23 23:48:27,0.04032,45.81344,4.27344,41.54000
2023-10-23 23:48:28,0.01511,46.92477,4.13477,42.79000
2023-10-23 23:48:29,0.01276,45.99062,4.14063,41.85000
2023-10-23 23:48:30,0.01641,45.89922,4.19922,41.70000
2023-10-23 23:48:31,0.02128,46.23633,4.23633,42.00000
2023-10-23 23:48:32,0.00952,46.02945,4.18945,41.84000
2023-10-23 23:48:41,0.11706,48.69688,4.79688,43.90000
2023-10-23 23:48:42,0.13603,47.67078,4.80078,42.87000
2023-10-23 23:48:43,0.15009,48.25640,5.06641,43.19000
2023-10-23 23:48:44,0.14223,48.00172,5.76172,42.24000
2023-10-23 23:48:45,0.07809,46.51390,4.50391,42.01000
2023-10-23 23:48:46,0.01345,46.17211,4.16211,42.01000
2023-10-23 23:48:47,0.01771,47.18305,4.12305,43.06000
2023-10-23 23:48:48,0.05668,46.55117,4.70117,41.85000
2023-10-23 23:48:49,0.01591,46.36914,4.11914,42.25000
2023-10-23 23:48:50,0.05551,46.19765,4.34766,41.85000
2023-10-23 23:48:51,0.02437,46.24609,4.24609,42.00000
2023-10-23 23:48:52,0.06119,46.00484,4.21484,41.79000
2023-10-23 23:48:53,0.00673,46.29086,4.13086,42.16000
2023-10-23 23:48:54,0.00923,46.19164,4.18164,42.01000
2023-10-23 23:48:55,0.00838,45.92984,4.08984,41.84000
2023-10-23 23:48:56,0.09612,47.17008,5.08008,42.09000
2023-10-23 23:48:57,0.01595,46.29492,4.29492,42.00000
2023-10-23 23:48:58,0.10192,47.17703,5.20703,41.97000
2023-10-23 23:48:59,0.06902,47.51477,4.63477,42.88000
2023-10-23 23:49:00,0.09506,47.12500,5.12500,42.00000
2023-10-23 23:49:01,0.08719,48.31031,4.57031,43.74000
2023-10-23 23:49:02,0.12060,47.23836,5.06836,42.17000
2023-10-23 23:49:03,0.01547,46.00430,4.15430,41.85000
2023-10-23 23:49:04,0.01273,46.16430,4.15430,42.01000
2023-10-23 23:49:05,0.02339,46.25609,4.24609,42.01000
2023-10-23 23:49:06,0.02429,38.97391,3.75391,35.22000
2023-10-23 23:49:07,0.00838,38.84109,3.62109,35.22000
2023-10-23 23:49:16,0.13215,48.35953,5.01953,43.34000
2023-10-23 23:49:17,0.13873,41.76062,4.64063,37.12000
2023-10-23 23:49:18,0.18790,42.15414,4.99414,37.16000
2023-10-23 23:49:19,0.16580,40.70227,5.32227,35.38000
2023-10-23 23:49:20,0.07167,39.09781,4.00781,35.09000
2023-10-23 23:49:21,0.01460,38.76336,3.69336,35.07000
2023-10-23 23:49:22,0.01847,32.51852,3.47852,29.04000
2023-10-23 23:49:23,0.07658,32.18219,3.74219,28.44000
2023-10-23 23:49:24,0.01506,32.73891,3.12891,29.61000
2023-10-23 23:49:25,0.06086,18.17555,2.43555,15.74000
2023-10-23 23:49:26,0.03353,19.73781,2.25781,17.48000
2023-10-23 23:49:27,0.07653,15.77000,2.50000,13.27000
2023-10-23 23:49:28,0.01175,16.25687,2.04688,14.21000
2023-10-23 23:49:29,0.01174,15.52766,2.09766,13.43000
2023-10-23 23:49:30,0.00754,15.80055,2.06055,13.74000
2023-10-23 23:49:31,0.11102,15.90477,3.13477,12.77000
2023-10-23 23:49:32,0.00923,15.18617,2.07617,13.11000
2023-10-23 23:49:33,0.09664,15.58867,3.13867,12.45000
2023-10-23 23:49:35,0.07245,42.04773,2.92773,39.12000
2023-10-23 23:49:36,0.06594,42.58906,4.53906,38.05000
2023-10-23 23:49:37,0.13356,42.91813,4.82813,38.09000
2023-10-23 23:49:38,0.02848,41.96039,3.90039,38.06000
2023-10-23 23:49:39,0.00701,41.91547,3.85547,38.06000
2023-10-23 23:49:40,0.01016,42.05594,3.83594,38.22000
2023-10-23 23:49:41,0.01753,42.14969,3.92969,38.22000
2023-10-23 23:49:42,0.02506,42.32336,3.94336,38.38000
2023-10-23 23:49:43,0.00670,42.23938,3.85938,38.38000
2023-10-23 23:49:51,0.11499,47.08336,5.19336,41.89000
2023-10-23 23:49:52,0.02101,46.05312,4.20313,41.85000
2023-10-23 23:49:53,0.01179,46.00430,4.15430,41.85000
2023-10-23 23:49:54,0.00756,46.13477,4.13477,42.00000
2023-10-23 23:49:56,0.02258,46.09312,4.20313,41.89000
2023-10-23 23:49:57,0.01444,46.16625,4.15625,42.01000
2023-10-23 23:49:58,0.02355,47.89680,4.21680,43.68000
2023-10-23 23:49:59,0.05813,46.53555,4.68555,41.85000
2023-10-23 23:50:00,0.01852,47.26383,4.17383,43.09000
2023-10-23 23:50:01,0.06773,46.06656,4.22656,41.84000
2023-10-23 23:50:02,0.04104,46.15648,4.14648,42.01000
2023-10-23 23:50:03,0.04622,46.06680,4.21680,41.85000
2023-10-23 23:50:04,0.01008,46.18187,4.17188,42.01000
2023-10-23 23:50:05,0.01169,46.11328,4.11328,42.00000
2023-10-23 23:50:06,0.00917,45.94226,4.07227,41.87000
2023-10-23 23:50:07,0.11148,47.12516,5.03516,42.09000
2023-10-23 23:50:08,0.01674,46.29320,4.28320,42.01000
2023-10-23 23:50:09,0.10424,47.04633,5.23633,41.81000
2023-10-23 23:50:10,0.05178,47.61891,4.62891,42.99000
2023-10-23 23:50:11,0.08389,46.78797,4.91797,41.87000
2023-10-23 23:50:12,0.13191,48.16531,5.19531,42.97000
2023-10-23 23:50:13,0.03454,46.05875,4.21875,41.84000
2023-10-23 23:50:14,0.00515,45.98648,4.14648,41.84000
2023-10-23 23:50:15,0.01283,46.18578,4.17578,42.01000
2023-10-23 23:50:16,0.02429,38.94477,3.88477,35.06000
2023-10-23 23:50:17,0.01966,38.78289,3.71289,35.07000
2023-10-23 23:50:18,0.00670,38.79523,3.61523,35.18000
2023-10-23 23:50:27,0.16330,42.45984,5.33984,37.12000
2023-10-23 23:50:28,0.16873,40.84953,5.01953,35.83000
2023-10-23 23:50:29,0.08696,40.05180,4.34180,35.71000
2023-10-23 23:50:30,0.01403,38.75750,3.68750,35.07000
2023-10-23 23:50:31,0.02000,38.81805,3.74805,35.07000
2023-10-23 23:50:32,0.02256,32.40578,3.67578,28.73000
2023-10-23 23:50:33,0.01447,32.25680,3.21680,29.04000
2023-10-23 23:50:34,0.06571,32.10188,3.67188,28.43000
2023-10-23 23:50:35,0.01364,22.09977,2.75977,19.34000
2023-10-23 23:50:36,0.06143,18.74734,2.52734,16.22000
2023-10-23 23:50:37,0.04111,21.03516,2.28516,18.75000
2023-10-23 23:50:38,0.07783,14.67914,2.36914,12.31000
2023-10-23 23:50:39,0.01351,15.67570,2.09570,13.58000
2023-10-23 23:50:40,0.01092,14.71789,2.08789,12.63000
2023-10-23 23:50:41,0.00466,16.18891,2.12891,14.06000
2023-10-23 23:50:42,0.11662,16.25555,3.18555,13.07000
2023-10-23 23:50:43,0.00837,15.56086,2.13086,13.43000
2023-10-23 23:50:44,0.10082,15.49898,3.20898,12.29000
2023-10-23 23:50:45,0.05359,18.70375,2.59375,16.11000
2023-10-23 23:50:46,0.09351,46.18649,4.64648,41.54000
2023-10-23 23:50:47,0.11610,47.45477,4.63477,42.82000
2023-10-23 23:50:48,0.08673,46.34797,4.66797,41.68000
2023-10-23 23:50:49,0.01273,45.85430,4.15430,41.70000
2023-10-23 23:50:50,0.01646,45.88555,4.18555,41.70000
2023-10-23 23:50:51,0.01782,46.04508,4.20508,41.84000
2023-10-23 23:50:52,0.02128,45.89289,4.21289,41.68000
2023-10-23 23:50:53,0.01253,46.00820,4.15820,41.85000
2023-10-23 23:50:54,0.06205,46.36649,4.39648,41.97000
2023-10-23 23:51:02,0.13453,48.90953,5.51953,43.39000
2023-10-23 23:51:03,0.21048,48.85125,6.03125,42.82000
2023-10-23 23:51:04,0.17206,48.71250,5.81250,42.90000
2023-10-23 23:51:05,0.03607,46.21024,4.24023,41.97000
2023-10-23 23:51:06,0.02133,46.24805,4.24805,42.00000
2023-10-23 23:51:07,0.01906,46.19922,4.19922,42.00000
2023-10-23 23:51:08,0.01435,46.95336,4.19336,42.76000
2023-10-23 23:51:09,0.06793,46.71328,4.86328,41.85000
2023-10-23 23:51:10,0.00671,45.97672,4.13672,41.84000
2023-10-23 23:51:11,0.08416,46.46375,4.34375,42.12000
2023-10-23 23:51:12,0.02259,46.16602,4.16602,42.00000
2023-10-23 23:51:13,0.05401,46.30492,4.29492,42.01000
2023-10-23 23:51:14,0.01839,46.18578,4.17578,42.01000
2023-10-23 23:51:15,0.00723,46.03359,4.18359,41.85000
2023-10-23 23:51:16,0.00754,46.10570,4.09570,42.01000
2023-10-23 23:51:17,0.10799,47.14664,5.05664,42.09000
2023-10-23 23:51:18,0.02256,46.16640,4.31641,41.85000
2023-10-23 23:51:19,0.10445,47.21172,5.26172,41.95000
2023-10-23 23:51:20,0.07741,47.94930,4.77930,43.17000
2023-10-23 23:51:21,0.11641,48.54109,5.12109,43.42000
2023-10-23 23:51:22,0.08580,46.50414,4.49414,42.01000
2023-10-23 23:51:23,0.01673,46.19797,4.16797,42.03000
2023-10-23 23:51:24,0.05732,47.32312,4.70313,42.62000
2023-10-23 23:51:25,0.01984,46.25586,4.25586,42.00000
2023-10-23 23:51:27,0.02178,46.37680,4.21680,42.16000
2023-10-23 23:51:28,0.02342,38.82172,3.76172,35.06000
2023-10-23 23:51:29,0.01254,38.88992,3.66992,35.22000
2023-10-23 23:51:37,0.08865,48.39766,4.84766,43.55000
2023-10-23 23:51:38,0.14760,41.65992,4.91992,36.74000
2023-10-23 23:51:39,0.16729,42.19601,4.91602,37.28000
2023-10-23 23:51:40,0.18323,40.91687,5.29688,35.62000
2023-10-23 23:51:41,0.17145,40.22602,5.16602,35.06000
2023-10-23 23:51:42,0.01877,38.54258,3.64258,34.90000
2023-10-23 23:51:43,0.01506,32.39695,3.37695,29.02000
2023-10-23 23:51:44,0.06589,32.38508,3.95508,28.43000
2023-10-23 23:51:45,0.01056,31.40281,3.13281,28.27000
2023-10-23 23:51:46,0.07595,21.38680,2.46680,18.92000
2023-10-23 23:51:47,0.03943,20.68195,2.25195,18.43000
2023-10-23 23:51:48,0.07101,15.79914,2.36914,13.43000
2023-10-23 23:51:50,0.01849,15.35398,2.08398,13.27000
2023-10-23 23:51:51,0.00855,15.17055,2.06055,13.11000
2023-10-23 23:51:52,0.00838,16.01328,2.11328,13.90000
2023-10-23 23:51:53,0.08418,15.65508,2.70508,12.95000
2023-10-23 23:51:54,0.01088,15.76930,2.02930,13.74000
2023-10-23 23:51:55,0.09456,15.60430,3.15430,12.45000
2023-10-23 23:51:56,0.05126,18.25508,2.45508,15.80000
2023-10-23 23:51:57,0.07280,46.41695,4.87695,41.54000
2023-10-23 23:51:58,0.04806,47.40359,4.43359,42.97000
2023-10-23 23:51:59,0.14237,46.77055,5.06055,41.71000
2023-10-23 23:52:00,0.00810,46.01648,4.14648,41.87000
2023-10-23 23:52:01,0.02090,45.84453,4.14453,41.70000
2023-10-23 23:52:02,0.01341,45.81867,4.13867,41.68000
2023-10-23 23:52:03,0.02176,46.06852,4.22852,41.84000
2023-10-23 23:52:04,0.01007,46.14867,4.13867,42.01000
2023-10-23 23:52:05,0.06145,46.28531,4.44531,41.84000
2023-10-23 23:52:06,0.01256,45.94547,4.10547,41.84000
2023-10-23 23:52:07,0.00252,45.94742,4.10742,41.84000
2023-10-23 23:52:08,0.00503,45.96523,4.11523,41.85000