rocket_image_date,rocket_image_cpu_utilization,rocket_image_total_power,rocket_image_cpu_power,rocket_image_gpu_power
2023-10-24 22:02:50,0.17977,50.01422,6.07422,43.94000
2023-10-24 22:02:51,0.17942,49.30148,6.02148,43.28000
2023-10-24 22:02:52,0.04678,46.38461,4.22461,42.16000
2023-10-24 22:02:53,0.02443,47.48227,4.07227,43.41000
2023-10-24 22:02:54,0.05268,47.66781,4.25781,43.41000
2023-10-24 22:02:55,0.02176,46.07836,4.06836,42.01000
2023-10-24 22:02:57,0.01920,47.15766,4.09766,43.06000
2023-10-24 22:02:58,0.06306,46.56453,4.39453,42.17000
2023-10-24 22:02:59,0.01800,47.48492,4.04492,43.44000
2023-10-24 22:03:00,0.07363,46.33187,4.17188,42.16000
2023-10-24 22:03:01,0.03805,46.29945,4.18945,42.11000
2023-10-24 22:03:02,0.06056,46.15648,4.14648,42.01000
2023-10-24 22:03:03,0.00503,46.01781,4.00781,42.01000
2023-10-24 22:03:04,0.00335,46.17195,4.00195,42.17000
2023-10-24 22:03:05,0.00587,46.03586,4.00586,42.03000
2023-10-24 22:03:06,0.09244,46.95531,4.94531,42.01000
2023-10-24 22:03:07,0.00921,46.01195,4.00195,42.01000
2023-10-24 22:03:08,0.09949,46.50805,4.49805,42.01000
2023-10-24 22:03:09,0.02662,46.20125,4.03125,42.17000
2023-10-24 22:03:10,0.09628,46.65047,4.48047,42.17000
2023-10-24 22:03:11,0.00988,46.04711,4.03711,42.01000
2023-10-24 22:03:12,0.06461,46.39656,4.22656,42.17000
2023-10-24 22:03:13,0.00593,45.96484,3.96484,42.00000
2023-10-24 22:03:14,0.01174,45.99047,3.98047,42.01000
2023-10-24 22:03:15,0.00422,45.94555,3.93555,42.01000
2023-10-24 22:03:16,0.00694,45.79703,3.95703,41.84000
2023-10-24 22:03:17,0.00606,45.81266,3.97266,41.84000
2023-10-24 22:03:18,0.02128,46.07031,4.07031,42.00000
2023-10-24 22:03:19,0.06250,46.09570,4.09570,42.00000
2023-10-24 22:03:28,0.17210,49.12711,6.03711,43.09000
2023-10-24 22:03:29,0.20897,43.64024,6.49023,37.15000
2023-10-24 22:03:30,0.07089,39.74336,3.94336,35.80000
2023-10-24 22:03:31,0.01813,39.62133,3.61133,36.01000
2023-10-24 22:03:32,0.07832,40.10922,3.94922,36.16000
2023-10-24 22:03:33,0.01709,38.79445,3.56445,35.23000
2023-10-24 22:03:34,0.01173,39.51664,3.55664,35.96000
2023-10-24 22:03:35,0.05518,32.17203,3.58203,28.59000
2023-10-24 22:03:36,0.00768,31.39492,3.04492,28.35000
2023-10-24 22:03:37,0.06685,21.69289,2.96289,18.73000
2023-10-24 22:03:38,0.03772,20.86133,2.11133,18.75000
2023-10-24 22:03:39,0.06266,18.29453,2.39453,15.90000
2023-10-24 22:03:40,0.01500,14.12656,1.97656,12.15000
2023-10-24 22:03:41,0.00351,14.53625,1.90625,12.63000
2023-10-24 22:03:42,0.00419,16.01336,1.94336,14.07000
2023-10-24 22:03:43,0.10859,41.37891,3.62891,37.75000
2023-10-24 22:03:44,0.00820,41.47070,3.72070,37.75000
2023-10-24 22:03:46,0.07530,42.00203,4.08203,37.92000
2023-10-24 22:03:47,0.05445,41.83164,3.93164,37.90000
2023-10-24 22:03:48,0.01165,41.55070,3.72070,37.83000
2023-10-24 22:03:49,0.08319,42.05039,4.15039,37.90000
2023-10-24 22:03:50,0.01062,41.80414,3.74414,38.06000
2023-10-24 22:03:51,0.05649,42.00727,3.94727,38.06000
2023-10-24 22:03:52,0.00251,41.59336,3.69336,37.90000
2023-10-24 22:03:53,0.00834,41.62852,3.72852,37.90000
2023-10-24 22:03:54,0.00584,41.56602,3.66602,37.90000
2023-10-24 22:03:55,0.00418,41.56648,3.64648,37.92000
2023-10-24 22:03:56,0.01174,41.64070,3.72070,37.92000
2023-10-24 22:03:57,0.03074,41.62734,3.77734,37.85000
2023-10-24 22:03:58,0.07525,41.85539,3.77539,38.08000
2023-10-24 22:04:06,0.17515,49.04305,5.62305,43.42000
2023-10-24 22:04:07,0.10911,47.45227,4.82227,42.63000
2023-10-24 22:04:08,0.09275,47.19477,4.38477,42.81000
2023-10-24 22:04:09,0.09229,47.67500,4.37500,43.30000
2023-10-24 22:04:10,0.12941,48.13625,5.15625,42.98000
2023-10-24 22:04:11,0.19382,49.44899,5.95898,43.49000
2023-10-24 22:04:12,0.09237,47.44765,4.59766,42.85000
2023-10-24 22:04:13,0.05307,46.50000,4.50000,42.00000
2023-10-24 22:04:14,0.06412,46.79031,4.32031,42.47000
2023-10-24 22:04:15,0.06740,46.19164,4.18164,42.01000
2023-10-24 22:04:16,0.04471,46.13867,4.13867,42.00000
2023-10-24 22:04:17,0.05374,46.42453,4.14453,42.28000
2023-10-24 22:04:18,0.02869,46.34750,4.18750,42.16000
2023-10-24 22:04:19,0.00710,46.04515,4.03516,42.01000
2023-10-24 22:04:20,0.01086,46.05492,4.04492,42.01000
2023-10-24 22:04:21,0.11602,47.48539,5.02539,42.46000
2023-10-24 22:04:22,0.01550,46.07617,4.07617,42.00000
2023-10-24 22:04:23,0.04271,46.38094,4.21094,42.17000
2023-10-24 22:04:24,0.02852,46.34898,4.20898,42.14000
2023-10-24 22:04:25,0.05780,46.39781,4.25781,42.14000
2023-10-24 22:04:26,0.04758,46.17211,4.16211,42.01000
2023-10-24 22:04:27,0.00967,46.00469,4.05469,41.95000
2023-10-24 22:04:28,0.09375,39.12031,4.07031,35.05000
2023-10-24 22:04:29,0.02502,38.63422,3.57422,35.06000
2023-10-24 22:04:30,0.04282,33.00805,3.49805,29.51000
2023-10-24 22:04:31,0.02020,31.49422,3.07422,28.42000
2023-10-24 22:04:32,0.02941,31.50047,3.23047,28.27000
2023-10-24 22:04:33,0.01348,17.97258,2.39258,15.58000
2023-10-24 22:04:34,0.03177,18.85234,2.15234,16.70000
2023-10-24 22:04:44,0.01508,46.07687,4.04688,42.03000
2023-10-24 22:04:45,0.02061,45.94226,4.07227,41.87000
2023-10-24 22:04:46,0.01368,45.83414,3.99414,41.84000
2023-10-24 22:04:47,0.01013,45.92812,4.07813,41.85000
2023-10-24 22:04:48,0.01738,46.05273,4.05273,42.00000
2023-10-24 22:04:49,0.01362,46.20687,4.04688,42.16000
2023-10-24 22:04:50,0.00839,46.50516,4.03516,42.47000
2023-10-24 22:04:51,0.01342,46.36250,4.06250,42.30000
2023-10-24 22:04:52,0.00924,46.06055,4.06055,42.00000
2023-10-24 22:04:53,0.00921,46.20883,4.04883,42.16000
2023-10-24 22:04:54,0.00168,46.14047,3.98047,42.16000
2023-10-24 22:04:55,0.02007,46.36906,4.03906,42.33000
2023-10-24 22:04:56,0.00931,45.95937,4.10938,41.85000
2023-10-24 22:04:57,0.00589,46.00977,4.00977,42.00000
2023-10-24 22:04:58,0.00361,45.85758,4.01758,41.84000
2023-10-24 22:04:59,0.01726,45.96180,4.09180,41.87000
2023-10-24 22:05:00,0.00723,46.03539,4.02539,42.01000
2023-10-24 22:05:01,0.00945,45.69563,4.01563,41.68000
2023-10-24 22:05:02,0.00923,45.86344,4.02344,41.84000
2023-10-24 22:05:03,0.00420,45.84195,4.00195,41.84000
2023-10-24 22:05:04,0.00501,45.81875,3.96875,41.85000
2023-10-24 22:05:05,0.01007,45.88102,4.04102,41.84000
2023-10-24 22:05:06,0.00806,46.01781,4.00781,42.01000
2023-10-24 22:05:07,0.00976,46.07445,4.06445,42.01000
2023-10-24 22:05:08,0.01887,45.85109,4.12109,41.73000
2023-10-24 22:05:09,0.01004,45.97875,3.96875,42.01000
2023-10-24 22:05:10,0.00091,45.86172,4.01172,41.85000
2023-10-24 22:05:11,0.02552,46.03797,4.16797,41.87000
2023-10-24 22:05:12,0.03886,46.01109,4.12109,41.89000
2023-10-24 22:05:21,0.13866,49.22906,5.53906,43.69000
2023-10-24 22:05:22,0.11289,40.82008,4.33008,36.49000
2023-10-24 22:05:23,0.17440,41.67852,4.97852,36.70000
2023-10-24 22:05:24,0.19543,41.23711,5.28711,35.95000
2023-10-24 22:05:25,0.04979,40.22242,3.73242,36.49000
2023-10-24 22:05:26,0.04473,39.70242,3.73242,35.97000
2023-10-24 22:05:27,0.02771,32.98406,3.66406,29.32000
2023-10-24 22:05:28,0.05165,32.15719,3.61719,28.54000
2023-10-24 22:05:29,0.01343,32.81102,3.04102,29.77000
2023-10-24 22:05:30,0.06734,20.78445,2.81445,17.97000
2023-10-24 22:05:31,0.03980,20.24320,2.28320,17.96000
2023-10-24 22:05:33,0.06650,18.60695,2.37695,16.23000
2023-10-24 22:05:34,0.02334,14.67688,2.04688,12.63000
2023-10-24 22:05:35,0.05203,15.70734,2.27734,13.43000
2023-10-24 22:05:36,0.01202,14.28656,1.97656,12.31000
2023-10-24 22:05:37,0.10956,41.42383,3.67383,37.75000
2023-10-24 22:05:38,0.02015,41.54688,3.79688,37.75000
2023-10-24 22:05:39,0.06040,41.90078,4.05078,37.85000
2023-10-24 22:05:40,0.05089,41.88023,3.99023,37.89000
2023-10-24 22:05:41,0.01085,41.68562,3.76563,37.92000
2023-10-24 22:05:42,0.00252,41.77485,3.71484,38.06000
2023-10-24 22:05:43,0.00545,41.61680,3.71680,37.90000
2023-10-24 22:05:44,0.03426,41.96672,3.88672,38.08000
2023-10-24 22:05:45,0.09882,43.61711,4.28711,39.33000
2023-10-24 22:05:46,0.01862,42.02859,3.80859,38.22000
2023-10-24 22:05:47,0.03590,42.84695,3.87695,38.97000
2023-10-24 22:05:48,0.02297,41.86860,3.80859,38.06000
2023-10-24 22:05:49,0.04004,42.19266,3.97266,38.22000
2023-10-24 22:05:50,0.02929,41.73985,3.83984,37.90000
2023-10-24 22:05:51,0.02204,41.79133,3.86133,37.93000
2023-10-24 22:05:59,0.08197,47.63742,4.35742,43.28000
2023-10-24 22:06:00,0.10268,47.67891,4.37891,43.30000
2023-10-24 22:06:01,0.10454,47.87226,4.32227,43.55000
2023-10-24 22:06:02,0.09130,47.45500,4.37500,43.08000
2023-10-24 22:06:03,0.10774,47.83500,4.37500,43.46000
2023-10-24 22:06:04,0.09642,47.37297,4.29297,43.08000
2023-10-24 22:06:05,0.10922,47.82133,4.36133,43.46000
2023-10-24 22:06:06,0.11078,47.75914,4.36914,43.39000
2023-10-24 22:06:07,0.12334,47.16695,4.37695,42.79000
2023-10-24 22:06:08,0.11165,47.35086,4.38086,42.97000
2023-10-24 22:06:09,0.09750,46.98742,4.35742,42.63000
2023-10-24 22:06:10,0.10378,47.97109,4.37109,43.60000
2023-10-24 22:06:11,0.10526,47.49211,4.41211,43.08000
2023-10-24 22:06:12,0.09060,47.46180,4.34180,43.12000
2023-10-24 22:06:13,0.09806,47.44984,4.33984,43.11000
2023-10-24 22:06:15,0.11973,47.50133,4.36133,43.14000
2023-10-24 22:06:16,0.09729,47.13961,4.34961,42.79000
2023-10-24 22:06:17,0.08944,47.14789,4.33789,42.81000
2023-10-24 22:06:18,0.10104,47.08836,4.31836,42.77000
2023-10-24 22:06:19,0.10932,47.63156,4.35156,43.28000
2023-10-24 22:06:20,0.09044,47.62961,4.34961,43.28000
2023-10-24 22:06:21,0.08773,40.47383,4.17383,36.30000
2023-10-24 22:06:22,0.09781,40.06602,3.91602,36.15000
2023-10-24 22:06:23,0.10235,39.71391,4.00391,35.71000
2023-10-24 22:06:24,0.09939,32.54656,3.47656,29.07000
2023-10-24 22:06:25,0.11308,32.27648,3.39648,28.88000
2023-10-24 22:06:26,0.11528,32.67492,3.29492,29.38000
2023-10-24 22:06:27,0.13729,32.69484,3.46484,29.23000
2023-10-24 22:06:28,0.11636,32.81508,3.45508,29.36000
2023-10-24 22:06:37,0.17780,49.30281,6.13281,43.17000
2023-10-24 22:06:38,0.19160,50.13890,6.37891,43.76000
2023-10-24 22:06:39,0.05506,46.46492,4.29492,42.17000
2023-10-24 22:06:40,0.01840,47.33547,4.10547,43.23000
2023-10-24 22:06:41,0.10821,48.30055,4.56055,43.74000
2023-10-24 22:06:42,0.07493,48.01555,4.43555,43.58000
2023-10-24 22:06:43,0.07559,48.54187,4.42188,44.12000
2023-10-24 22:06:44,0.06707,48.09578,4.67578,43.42000
2023-10-24 22:06:45,0.07006,46.75820,4.40820,42.35000
2023-10-24 22:06:46,0.05771,46.36117,4.20117,42.16000
2023-10-24 22:06:47,0.03616,46.48164,4.18164,42.30000
2023-10-24 22:06:48,0.05378,46.52680,4.21680,42.31000
2023-10-24 22:06:49,0.00505,46.28305,4.12305,42.16000
2023-10-24 22:06:50,0.00756,46.25375,4.09375,42.16000
2023-10-24 22:06:51,0.00418,46.62148,4.02148,42.60000
2023-10-24 22:06:52,0.10327,47.18344,5.02344,42.16000
2023-10-24 22:06:53,0.01310,46.08031,4.07031,42.01000
2023-10-24 22:06:54,0.06492,46.47078,4.30078,42.17000
2023-10-24 22:06:55,0.03936,46.34187,4.17188,42.17000
2023-10-24 22:06:56,0.00838,46.23250,4.06250,42.17000
2023-10-24 22:06:57,0.10267,46.85359,4.68359,42.17000
2023-10-24 22:06:58,0.00444,46.04906,4.03906,42.01000
2023-10-24 22:06:59,0.05949,46.47055,4.31055,42.16000
2023-10-24 22:07:00,0.00648,46.11156,4.10156,42.01000
2023-10-24 22:07:01,0.00520,46.00805,3.99805,42.01000
2023-10-24 22:07:02,0.00779,46.16977,4.00977,42.16000
2023-10-24 22:07:03,0.00604,46.20883,4.04883,42.16000
2023-10-24 22:07:04,0.01343,46.26937,4.10938,42.16000
2023-10-24 22:07:05,0.05702,46.32125,4.28125,42.04000
2023-10-24 22:07:14,0.18651,49.06039,6.15039,42.91000
2023-10-24 22:07:15,0.19088,43.11414,6.24414,36.87000
2023-10-24 22:07:16,0.07784,39.97367,4.01367,35.96000
2023-10-24 22:07:17,0.01447,39.47351,3.60352,35.87000
2023-10-24 22:07:18,0.06701,40.16594,3.83594,36.33000
2023-10-24 22:07:20,0.01754,38.79250,3.56250,35.23000
2023-10-24 22:07:21,0.01675,33.23703,3.45703,29.78000
2023-10-24 22:07:22,0.06474,32.14250,3.56250,28.58000
2023-10-24 22:07:23,0.01323,31.65812,3.07813,28.58000
2023-10-24 22:07:24,0.07494,21.43359,2.68359,18.75000
2023-10-24 22:07:25,0.03263,20.89867,2.13867,18.76000
2023-10-24 22:07:26,0.07404,16.52312,2.45313,14.07000
2023-10-24 22:07:27,0.01393,14.70211,1.91211,12.79000
2023-10-24 22:07:28,0.01033,15.18016,1.91016,13.27000
2023-10-24 22:07:29,0.00638,14.95781,2.00781,12.95000
2023-10-24 22:07:30,0.11722,41.56016,3.66016,37.90000
2023-10-24 22:07:31,0.01296,41.76899,3.70898,38.06000
2023-10-24 22:07:32,0.07294,42.02937,4.10938,37.92000
2023-10-24 22:07:33,0.02002,41.61922,3.69922,37.92000
2023-10-24 22:07:34,0.06720,43.76719,4.11719,39.65000
2023-10-24 22:07:35,0.03827,41.73985,3.83984,37.90000
2023-10-24 22:07:36,0.02354,42.76781,3.75781,39.01000
2023-10-24 22:07:37,0.04029,41.77867,3.88867,37.89000
2023-10-24 22:07:38,0.01435,41.82414,3.74414,38.08000
2023-10-24 22:07:39,0.00667,41.76750,3.68750,38.08000
2023-10-24 22:07:40,0.00585,41.59578,3.67578,37.92000
2023-10-24 22:07:41,0.00721,41.76313,3.70313,38.06000
2023-10-24 22:07:42,0.01256,41.81000,3.75000,38.06000
2023-10-24 22:07:43,0.04904,41.98500,3.87500,38.11000
2023-10-24 22:07:44,0.05338,41.82805,3.99805,37.83000
2023-10-24 22:07:45,0.05109,41.99555,3.93555,38.06000
2023-10-24 22:07:46,0.01041,41.60750,3.68750,37.92000
2023-10-24 22:07:47,0.00335,41.62117,3.70117,37.92000
2023-10-24 22:07:52,0.16750,49.98617,6.07617,43.91000
2023-10-24 22:07:53,0.21071,50.14625,6.40625,43.74000
2023-10-24 22:07:54,0.05769,46.30469,4.30469,42.00000
2023-10-24 22:07:55,0.01595,47.26711,4.03711,43.23000
2023-10-24 22:07:56,0.05867,48.66008,4.33008,44.33000
2023-10-24 22:07:57,0.01092,46.37297,4.04297,42.33000
2023-10-24 22:07:58,0.01756,47.12789,4.08789,43.04000
2023-10-24 22:07:59,0.06882,46.61703,4.45703,42.16000
2023-10-24 22:08:00,0.00947,47.02492,4.04492,42.98000
2023-10-24 22:08:01,0.07090,46.46555,4.18555,42.28000
2023-10-24 22:08:02,0.03895,46.28328,4.11328,42.17000
2023-10-24 22:08:03,0.06164,46.15062,4.14063,42.01000
2023-10-24 22:08:04,0.00639,46.06539,4.02539,42.04000
2023-10-24 22:08:05,0.01004,46.13547,4.10547,42.03000
2023-10-24 22:08:06,0.00631,46.01367,4.01367,42.00000
2023-10-24 22:08:07,0.11776,47.16609,4.99609,42.17000
2023-10-24 22:08:08,0.00755,46.04906,4.03906,42.01000
2023-10-24 22:08:10,0.06905,47.13570,4.34570,42.79000
2023-10-24 22:08:11,0.01941,46.07227,4.07227,42.00000
2023-10-24 22:08:12,0.00779,46.03320,4.03320,42.00000
2023-10-24 22:08:13,0.09583,46.63570,4.59570,42.04000
2023-10-24 22:08:14,0.00838,46.18148,4.02148,42.16000
2023-10-24 22:08:15,0.04553,39.88125,4.03125,35.85000
2023-10-24 22:08:16,0.00168,38.86656,3.47656,35.39000
2023-10-24 22:08:17,0.01185,38.58149,3.52148,35.06000
2023-10-24 22:08:18,0.00754,31.59039,3.15039,28.44000
2023-10-24 22:08:19,0.00501,31.36555,2.93555,28.43000
2023-10-24 22:08:20,0.01951,19.64117,2.95117,16.69000
2023-10-24 22:08:21,0.07352,18.93656,2.22656,16.71000
2023-10-24 22:08:30,0.16876,49.74899,6.20898,43.54000
2023-10-24 22:08:31,0.19847,50.39445,6.31445,44.08000
2023-10-24 22:08:32,0.03457,46.24633,4.23633,42.01000
2023-10-24 22:08:33,0.02934,47.50719,4.11719,43.39000
2023-10-24 22:08:34,0.04925,47.60789,4.33789,43.27000
2023-10-24 22:08:35,0.01840,46.12914,4.11914,42.01000
2023-10-24 22:08:36,0.01642,47.50648,4.14648,43.36000
2023-10-24 22:08:37,0.05599,46.66430,4.65430,42.01000
2023-10-24 22:08:38,0.01369,47.23985,4.08984,43.15000
2023-10-24 22:08:39,0.06361,46.31430,4.15430,42.16000
2023-10-24 22:08:40,0.02896,46.43086,4.13086,42.30000
2023-10-24 22:08:41,0.05383,46.37898,4.20898,42.17000
2023-10-24 22:08:42,0.00950,46.09984,4.08984,42.01000
2023-10-24 22:08:43,0.00349,46.03148,4.02148,42.01000
2023-10-24 22:08:44,0.00440,46.21687,4.04688,42.17000
2023-10-24 22:08:45,0.10589,46.96164,4.93164,42.03000
2023-10-24 22:08:46,0.00921,46.21492,4.04492,42.17000
2023-10-24 22:08:47,0.08355,46.51976,4.50977,42.01000
2023-10-24 22:08:48,0.00671,45.92031,4.07031,41.85000
2023-10-24 22:08:49,0.08459,46.59766,4.59766,42.00000
2023-10-24 22:08:50,0.01338,46.01976,4.00977,42.01000
2023-10-24 22:08:51,0.05210,46.41265,4.22266,42.19000
2023-10-24 22:08:52,0.01008,46.01367,4.01367,42.00000
2023-10-24 22:08:53,0.00768,46.00781,4.00781,42.00000
2023-10-24 22:08:54,0.00167,45.96312,3.95313,42.01000
2023-10-24 22:08:55,0.00084,45.96117,3.95117,42.01000
2023-10-24 22:08:56,0.00503,45.97289,3.96289,42.01000
2023-10-24 22:08:57,0.01254,46.05492,4.04492,42.01000
2023-10-24 22:08:58,0.07059,46.18625,4.15625,42.03000
2023-10-24 22:09:00,0.07417,46.50758,4.26758,42.24000
2023-10-24 22:09:01,0.03152,46.19555,4.18555,42.01000
2023-10-24 22:09:02,0.00638,46.03734,4.02734,42.01000
2023-10-24 22:09:03,0.01434,46.12961,4.09961,42.03000
2023-10-24 22:09:08,0.08509,47.83899,4.45898,43.38000
2023-10-24 22:09:09,0.18255,42.84680,5.96680,36.88000
2023-10-24 22:09:10,0.21664,42.78031,6.07031,36.71000
2023-10-24 22:09:11,0.15060,40.33437,4.48438,35.85000
2023-10-24 22:09:12,0.04863,40.18117,3.70117,36.48000
2023-10-24 22:09:13,0.06679,39.02469,3.80469,35.22000
2023-10-24 22:09:14,0.02595,33.41391,3.50391,29.91000
2023-10-24 22:09:15,0.06770,32.10149,3.52148,28.58000
2023-10-24 22:09:16,0.01442,31.40859,3.05859,28.35000
2023-10-24 22:09:17,0.07385,20.20656,2.72656,17.48000
2023-10-24 22:09:18,0.03669,19.80211,2.16211,17.64000
2023-10-24 22:09:19,0.06853,17.76906,2.28906,15.48000
2023-10-24 22:09:20,0.00756,14.57531,1.94531,12.63000
2023-10-24 22:09:21,0.00183,15.04359,1.93359,13.11000
2023-10-24 22:09:22,0.00350,15.42219,1.99219,13.43000
2023-10-24 22:09:23,0.12653,41.41359,3.68359,37.73000
2023-10-24 22:09:24,0.00926,41.60508,3.70508,37.90000
2023-10-24 22:09:25,0.07952,41.85203,4.08203,37.77000
2023-10-24 22:09:26,0.01737,41.79890,3.87891,37.92000
2023-10-24 22:09:27,0.06928,43.69899,4.20898,39.49000
2023-10-24 22:09:28,0.02882,41.68953,3.76953,37.92000
2023-10-24 22:09:29,0.02187,42.97734,3.77734,39.20000
2023-10-24 22:09:30,0.03361,41.83977,3.75977,38.08000
2023-10-24 22:09:31,0.00000,41.62656,3.72656,37.90000
2023-10-24 22:09:32,0.00297,41.61680,3.71680,37.90000
2023-10-24 22:09:33,0.00873,41.58555,3.68555,37.90000
2023-10-24 22:09:34,0.00273,41.60945,3.68945,37.92000
2023-10-24 22:09:35,0.02002,41.72273,3.80273,37.92000
2023-10-24 22:09:36,0.04333,41.77570,3.84570,37.93000
2023-10-24 22:09:37,0.04191,42.05000,4.00000,38.05000
2023-10-24 22:09:45,0.12766,47.58469,4.30469,43.28000
2023-10-24 22:09:46,0.17140,48.23250,5.06250,43.17000
2023-10-24 22:09:47,0.14251,48.11766,4.59766,43.52000
2023-10-24 22:09:48,0.19725,49.22031,6.07031,43.15000
2023-10-24 22:09:49,0.23872,49.19547,6.10547,43.09000
2023-10-24 22:09:50,0.05321,46.39000,4.25000,42.14000
2023-10-24 22:09:51,0.03981,48.12133,4.11133,44.01000
2023-10-24 22:09:52,0.08247,46.55148,4.52148,42.03000
2023-10-24 22:09:53,0.01953,46.91844,4.14844,42.77000
2023-10-24 22:09:55,0.06918,46.16476,4.13477,42.03000
2023-10-24 22:09:56,0.02589,46.17859,4.05859,42.12000
2023-10-24 22:09:57,0.05988,46.56500,4.12500,42.44000
2023-10-24 22:09:58,0.00585,46.01000,4.00000,42.01000
2023-10-24 22:09:59,0.00419,46.00023,3.99023,42.01000
2023-10-24 22:10:00,0.00838,45.97680,3.96680,42.01000
2023-10-24 22:10:01,0.08626,46.87914,4.86914,42.01000
2023-10-24 22:10:02,0.00841,45.98265,3.97266,42.01000
2023-10-24 22:10:03,0.08122,46.52367,4.51367,42.01000
2023-10-24 22:10:04,0.00671,46.06273,4.05273,42.01000
2023-10-24 22:10:05,0.09106,46.54172,4.51172,42.03000
2023-10-24 22:10:06,0.00837,45.99047,3.98047,42.01000
2023-10-24 22:10:07,0.05126,47.41476,4.13477,43.28000
2023-10-24 22:10:08,0.00838,40.00203,3.83203,36.17000
2023-10-24 22:10:09,0.00251,39.68367,3.51367,36.17000
2023-10-24 22:10:10,0.00589,39.70562,3.51563,36.19000
2023-10-24 22:10:11,0.00539,38.72023,3.49023,35.23000
2023-10-24 22:10:12,0.00422,38.47430,3.40430,35.07000
2023-10-24 22:10:13,0.01676,31.90680,3.46680,28.44000
2023-10-24 22:10:14,0.08340,31.68242,3.23242,28.45000
2023-10-24 22:10:23,0.16303,48.76617,6.07617,42.69000
2023-10-24 22:10:24,0.21286,42.88039,5.90039,36.98000
2023-10-24 22:10:25,0.06192,39.50883,3.79883,35.71000
2023-10-24 22:10:26,0.01092,39.06445,3.56445,35.50000
2023-10-24 22:10:27,0.06920,39.80687,3.79688,36.01000
2023-10-24 22:10:28,0.01756,38.56609,3.49609,35.07000
2023-10-24 22:10:29,0.01759,32.59953,3.26953,29.33000
2023-10-24 22:10:30,0.07016,31.91266,3.47266,28.44000
2023-10-24 22:10:31,0.01509,22.61141,2.94141,19.67000
2023-10-24 22:10:32,0.06460,19.09258,2.39258,16.70000
2023-10-24 22:10:33,0.03535,20.88719,2.11719,18.77000
2023-10-24 22:10:34,0.06499,16.27289,2.21289,14.06000
2023-10-24 22:10:35,0.01989,14.60656,1.97656,12.63000
2023-10-24 22:10:36,0.01014,15.21141,1.94141,13.27000
2023-10-24 22:10:37,0.00897,15.89609,1.99609,13.90000
2023-10-24 22:10:38,0.10078,45.32063,3.64063,41.68000
2023-10-24 22:10:39,0.00765,45.83047,3.98047,41.85000
2023-10-24 22:10:40,0.07666,46.09086,4.38086,41.71000
2023-10-24 22:10:41,0.03893,46.05750,4.18750,41.87000
2023-10-24 22:10:42,0.02489,45.76008,4.08008,41.68000
2023-10-24 22:10:43,0.00431,45.82265,3.97266,41.85000
2023-10-24 22:10:45,0.07614,47.62633,4.48633,43.14000
2023-10-24 22:10:46,0.01511,45.85586,4.00586,41.85000
2023-10-24 22:10:47,0.03074,47.01914,4.11914,42.90000
2023-10-24 22:10:48,0.03116,45.80938,4.10938,41.70000
2023-10-24 22:10:49,0.00343,45.78336,3.94336,41.84000
2023-10-24 22:10:50,0.00095,45.83047,3.98047,41.85000
2023-10-24 22:10:51,0.01550,45.94765,4.09766,41.85000
2023-10-24 22:10:52,0.02686,45.95641,4.06641,41.89000
2023-10-24 22:11:01,0.17088,49.95430,6.15430,43.80000
2023-10-24 22:11:02,0.19192,49.53523,6.11523,43.42000
2023-10-24 22:11:03,0.04661,46.22289,4.21289,42.01000
2023-10-24 22:11:04,0.02283,47.17008,4.08008,43.09000
2023-10-24 22:11:05,0.06256,47.85149,4.27148,43.58000
2023-10-24 22:11:06,0.02250,46.08422,4.07422,42.01000
2023-10-24 22:11:07,0.01449,47.75961,4.09961,43.66000
2023-10-24 22:11:08,0.06479,46.65234,4.65234,42.00000
2023-10-24 22:11:09,0.01404,48.35226,4.07227,44.28000
2023-10-24 22:11:10,0.06695,46.14258,4.14258,42.00000
2023-10-24 22:11:11,0.03448,46.25914,4.11914,42.14000
2023-10-24 22:11:12,0.05135,46.10352,4.10352,42.00000
2023-10-24 22:11:13,0.00456,46.06273,4.05273,42.01000
2023-10-24 22:11:14,0.01373,46.07640,4.06641,42.01000
2023-10-24 22:11:15,0.00727,46.02758,4.01758,42.01000
2023-10-24 22:11:16,0.09123,47.07234,4.90234,42.17000
2023-10-24 22:11:17,0.00912,46.25398,4.08398,42.17000
2023-10-24 22:11:18,0.08591,46.68148,4.52148,42.16000
2023-10-24 22:11:19,0.02284,46.16039,4.15039,42.01000
2023-10-24 22:11:20,0.00842,46.08273,4.05273,42.03000
2023-10-24 22:11:21,0.09429,46.51195,4.50195,42.01000
2023-10-24 22:11:22,0.00928,46.01976,4.00977,42.01000
2023-10-24 22:11:23,0.05982,39.00406,3.91406,35.09000
2023-10-24 22:11:24,0.00910,38.74758,3.51758,35.23000
2023-10-24 22:11:25,0.01196,32.08219,3.49219,28.59000
2023-10-24 22:11:26,0.00455,31.61148,3.02148,28.59000
2023-10-24 22:11:27,0.00342,31.53727,2.94727,28.59000
2023-10-24 22:11:28,0.01340,19.63891,2.62891,17.01000
2023-10-24 22:11:29,0.05401,18.19125,2.28125,15.91000
2023-10-24 22:11:30,0.07229,18.31586,2.25586,16.06000
2023-10-24 22:11:38,0.15736,48.27633,4.98633,43.29000
2023-10-24 22:11:39,0.17993,48.71742,6.10742,42.61000
2023-10-24 22:11:40,0.20253,49.67976,6.25977,43.42000
2023-10-24 22:11:41,0.06027,46.33273,4.30273,42.03000
2023-10-24 22:11:43,0.05020,47.39305,4.12305,43.27000
2023-10-24 22:11:44,0.04330,46.20461,4.22461,41.98000
2023-10-24 22:11:45,0.02833,47.30852,4.22852,43.08000
2023-10-24 22:11:46,0.05927,46.78852,4.47852,42.31000
2023-10-24 22:11:47,0.01858,47.05547,4.10547,42.95000
2023-10-24 22:11:48,0.05823,46.12914,4.11914,42.01000
2023-10-24 22:11:49,0.03096,46.52250,4.06250,42.46000
2023-10-24 22:11:50,0.06355,46.43742,4.10742,42.33000
2023-10-24 22:11:51,0.01421,46.24422,4.07422,42.17000
2023-10-24 22:11:52,0.00835,46.00414,3.99414,42.01000
2023-10-24 22:11:53,0.00337,46.16265,3.97266,42.19000
2023-10-24 22:11:54,0.09182,46.88695,4.87695,42.01000
2023-10-24 22:11:55,0.01005,45.99047,3.98047,42.01000
2023-10-24 22:11:56,0.08475,46.58000,4.50000,42.08000
2023-10-24 22:11:57,0.01330,46.09180,4.09180,42.00000
2023-10-24 22:11:58,0.08779,46.58469,4.55469,42.03000
2023-10-24 22:11:59,0.01060,46.20320,4.03320,42.17000
2023-10-24 22:12:00,0.05278,47.55969,4.17969,43.38000
2023-10-24 22:12:01,0.00787,46.04320,4.03320,42.01000
2023-10-24 22:12:02,0.01147,46.10180,4.09180,42.01000
2023-10-24 22:12:03,0.00702,45.97852,3.97852,42.00000
2023-10-24 22:12:04,0.00584,45.96898,3.95898,42.01000
2023-10-24 22:12:05,0.00502,45.98265,3.97266,42.01000
2023-10-24 22:12:06,0.01255,46.04906,4.03906,42.01000
2023-10-24 22:12:07,0.02792,46.34063,4.14063,42.20000
2023-10-24 22:12:16,0.15860,48.72875,5.71875,43.01000
2023-10-24 22:12:17,0.21590,43.93945,6.43945,37.50000
2023-10-24 22:12:18,0.08447,40.05008,4.08008,35.97000
2023-10-24 22:12:19,0.00944,39.42226,3.57227,35.85000
2023-10-24 22:12:20,0.08158,40.09367,3.76367,36.33000
2023-10-24 22:12:21,0.02036,38.76516,3.53516,35.23000
2023-10-24 22:12:22,0.01545,39.72523,3.61523,36.11000
2023-10-24 22:12:23,0.07464,32.24602,3.66602,28.58000
2023-10-24 22:12:24,0.00848,31.70641,3.06641,28.64000
2023-10-24 22:12:25,0.06864,19.81117,2.95117,16.86000
2023-10-24 22:12:26,0.04188,20.91234,2.15234,18.76000
2023-10-24 22:12:27,0.05738,20.28226,2.32227,17.96000
2023-10-24 22:12:28,0.00755,14.91289,1.96289,12.95000
2023-10-24 22:12:29,0.00589,15.04164,1.93164,13.11000
2023-10-24 22:12:30,0.00418,15.07484,1.96484,13.11000
2023-10-24 22:12:31,0.09007,41.63227,3.57227,38.06000
2023-10-24 22:12:32,0.00672,41.61485,3.71484,37.90000
2023-10-24 22:12:34,0.08051,42.30695,4.12695,38.18000
2023-10-24 22:12:35,0.02019,41.69297,3.79297,37.90000
2023-10-24 22:12:36,0.00426,41.61485,3.71484,37.90000
2023-10-24 22:12:37,0.08564,42.67758,4.26758,38.41000
2023-10-24 22:12:38,0.01480,41.50414,3.74414,37.76000
2023-10-24 22:12:39,0.05156,41.83039,3.90039,37.93000
2023-10-24 22:12:40,0.00668,41.59578,3.67578,37.92000
2023-10-24 22:12:41,0.00252,41.58992,3.66992,37.92000
2023-10-24 22:12:42,0.00419,41.62117,3.70117,37.92000
2023-10-24 22:12:43,0.00671,41.78461,3.72461,38.06000
2023-10-24 22:12:44,0.01784,41.85930,3.77930,38.08000
2023-10-24 22:12:45,0.05662,41.86555,3.93555,37.93000
2023-10-24 22:12:54,0.10119,47.55633,4.48633,43.07000
2023-10-24 22:12:55,0.17200,48.73422,6.07422,42.66000
2023-10-24 22:12:56,0.20235,49.50992,6.41992,43.09000
2023-10-24 22:12:57,0.09847,46.62273,4.80273,41.82000
2023-10-24 22:12:58,0.03905,47.76211,4.16211,43.60000
2023-10-24 22:12:59,0.06061,46.62055,4.31055,42.31000
2023-10-24 22:13:00,0.01589,47.43352,4.10352,43.33000
2023-10-24 22:13:01,0.07718,46.61781,4.50781,42.11000
2023-10-24 22:13:02,0.02089,46.33601,4.16602,42.17000
2023-10-24 22:13:03,0.07228,46.85852,4.22852,42.63000
2023-10-24 22:13:04,0.03609,46.44180,4.09180,42.35000
2023-10-24 22:13:05,0.05951,46.14281,4.13281,42.01000
2023-10-24 22:13:06,0.01102,46.12719,4.11719,42.01000
2023-10-24 22:13:07,0.00363,46.02539,4.02539,42.00000
2023-10-24 22:13:08,0.00675,46.15047,3.98047,42.17000
2023-10-24 22:13:09,0.10056,47.06453,4.89453,42.17000
2023-10-24 22:13:10,0.00912,46.21297,4.04297,42.17000
2023-10-24 22:13:11,0.10000,46.58078,4.55078,42.03000
2023-10-24 22:13:12,0.02662,46.11937,4.10938,42.01000
2023-10-24 22:13:13,0.03825,48.31781,4.25781,44.06000
2023-10-24 22:13:14,0.03666,46.22922,4.19922,42.03000
2023-10-24 22:13:15,0.00354,46.16805,3.99805,42.17000
2023-10-24 22:13:16,0.05226,40.11320,3.78320,36.33000
2023-10-24 22:13:17,0.01341,39.99453,3.64453,36.35000
2023-10-24 22:13:18,0.00252,38.60516,3.53516,35.07000
2023-10-24 22:13:19,0.00336,38.49969,3.42969,35.07000
2023-10-24 22:13:20,0.00669,38.49750,3.43750,35.06000
2023-10-24 22:13:21,0.01420,31.60797,3.16797,28.44000
2023-10-24 22:13:22,0.02423,31.31149,3.02148,28.29000
2023-10-24 22:13:32,0.16428,49.63602,6.16602,43.47000
2023-10-24 22:13:33,0.20960,49.80086,6.38086,43.42000
2023-10-24 22:13:34,0.04114,46.25219,4.24219,42.01000
2023-10-24 22:13:35,0.02019,47.79398,4.08398,43.71000
2023-10-24 22:13:36,0.06045,48.02398,4.33398,43.69000
2023-10-24 22:13:37,0.01928,46.24812,4.07813,42.17000
2023-10-24 22:13:38,0.02034,47.34453,4.14453,43.20000
2023-10-24 22:13:39,0.05695,46.82211,4.66211,42.16000
2023-10-24 22:13:40,0.00838,46.58594,4.08594,42.50000
2023-10-24 22:13:41,0.05976,46.24680,4.21680,42.03000
2023-10-24 22:13:42,0.03353,46.31430,4.15430,42.16000
2023-10-24 22:13:43,0.06018,46.17969,4.17969,42.00000
2023-10-24 22:13:44,0.00870,46.09984,4.08984,42.01000
2023-10-24 22:13:45,0.00594,46.03539,4.02539,42.01000
2023-10-24 22:13:46,0.00515,45.98265,3.97266,42.01000
2023-10-24 22:13:47,0.08326,47.05523,4.86523,42.19000
2023-10-24 22:13:48,0.01179,46.05687,4.04688,42.01000
2023-10-24 22:13:49,0.09167,47.44148,4.52148,42.92000
2023-10-24 22:13:50,0.01887,46.25961,4.09961,42.16000
2023-10-24 22:13:51,0.03535,47.46805,4.24805,43.22000
2023-10-24 22:13:52,0.03604,46.30476,4.13477,42.17000
2023-10-24 22:13:53,0.00506,46.47367,4.01367,42.46000
2023-10-24 22:13:54,0.05091,46.24047,4.23047,42.01000
2023-10-24 22:13:55,0.01027,45.91031,4.07031,41.84000
2023-10-24 22:13:56,0.00420,46.02539,4.02539,42.00000
2023-10-24 22:13:57,0.00084,46.13070,3.97070,42.16000
2023-10-24 22:13:58,0.00084,46.13484,3.96484,42.17000
2023-10-24 22:13:59,0.00838,46.06516,4.03516,42.03000
2023-10-24 22:14:00,0.07763,46.50774,4.17773,42.33000
2023-10-24 22:14:01,0.08220,46.30523,4.11523,42.19000
2023-10-24 22:14:09,0.17442,49.52750,6.18750,43.34000
2023-10-24 22:14:10,0.20960,43.25711,6.28711,36.97000
2023-10-24 22:14:11,0.03943,39.65273,3.80273,35.85000
2023-10-24 22:14:12,0.02179,40.23695,3.62695,36.61000
2023-10-24 22:14:13,0.06129,40.26906,3.78906,36.48000
2023-10-24 22:14:14,0.01261,38.63617,3.57617,35.06000
2023-10-24 22:14:15,0.01836,39.56742,3.60742,35.96000
2023-10-24 22:14:16,0.06099,32.25539,3.52539,28.73000
2023-10-24 22:14:17,0.01508,32.17320,3.03320,29.14000
2023-10-24 22:14:18,0.06487,20.87601,2.91602,17.96000
2023-10-24 22:14:19,0.02353,20.82445,2.06445,18.76000
2023-10-24 22:14:20,0.05724,18.16383,2.42383,15.74000
2023-10-24 22:14:22,0.00759,15.50187,1.92188,13.58000
2023-10-24 22:14:23,0.00524,15.49602,1.91602,13.58000
2023-10-24 22:14:24,0.00419,14.94414,1.99414,12.95000
2023-10-24 22:14:25,0.08776,41.78836,3.56836,38.22000
2023-10-24 22:14:26,0.00530,41.95828,3.73828,38.22000
2023-10-24 22:14:27,0.09358,42.65195,4.25195,38.40000
2023-10-24 22:14:28,0.01350,42.13977,3.75977,38.38000
2023-10-24 22:14:29,0.01930,43.33039,3.90039,39.43000
2023-10-24 22:14:30,0.05378,42.35313,3.95313,38.40000
2023-10-24 22:14:31,0.01084,42.26289,3.71289,38.55000
2023-10-24 22:14:32,0.05626,42.33899,3.95898,38.38000
2023-10-24 22:14:33,0.01167,42.11023,3.74023,38.37000
2023-10-24 22:14:34,0.00251,42.07336,3.69336,38.38000
2023-10-24 22:14:35,0.00334,42.21969,3.67969,38.54000
2023-10-24 22:14:36,0.00418,42.10703,3.70703,38.40000
2023-10-24 22:14:37,0.00739,41.95289,3.71289,38.24000
2023-10-24 22:14:38,0.06490,42.58703,3.95703,38.63000
2023-10-24 22:14:39,0.05864,42.49602,3.91602,38.58000
2023-10-24 22:14:47,0.16113,49.23719,6.11719,43.12000
2023-10-24 22:14:48,0.21513,50.33039,6.40039,43.93000
2023-10-24 22:14:49,0.04953,46.22266,4.22266,42.00000
2023-10-24 22:14:50,0.01426,47.93906,4.03906,43.90000
2023-10-24 22:14:51,0.06740,47.35172,4.26172,43.09000
2023-10-24 22:14:52,0.00923,46.22664,4.05664,42.17000
2023-10-24 22:14:53,0.01846,47.04844,4.14844,42.90000
2023-10-24 22:14:54,0.05683,46.64461,4.47461,42.17000
2023-10-24 22:14:55,0.02275,47.20649,4.14648,43.06000
2023-10-24 22:14:56,0.06537,46.13695,4.12695,42.01000
2023-10-24 22:14:57,0.03196,46.27133,4.11133,42.16000
2023-10-24 22:14:58,0.04936,46.13109,4.12109,42.01000
2023-10-24 22:14:59,0.01506,46.26180,4.09180,42.17000
2023-10-24 22:15:00,0.00434,46.01976,4.00977,42.01000
2023-10-24 22:15:01,0.00263,45.99828,3.98828,42.01000
2023-10-24 22:15:02,0.08483,47.04109,4.87109,42.17000
2023-10-24 22:15:03,0.00591,46.01172,4.01172,42.00000
2023-10-24 22:15:04,0.08198,46.49094,4.46094,42.03000
2023-10-24 22:15:05,0.02691,46.16211,4.16211,42.00000
2023-10-24 22:15:06,0.00587,46.13289,3.96289,42.17000
2023-10-24 22:15:07,0.10073,46.76547,4.60547,42.16000
2023-10-24 22:15:08,0.00750,45.93883,4.04883,41.89000
2023-10-24 22:15:10,0.05162,39.00977,3.75977,35.25000
2023-10-24 22:15:11,0.00258,38.69680,3.46680,35.23000
2023-10-24 22:15:12,0.00684,31.76594,3.33594,28.43000
2023-10-24 22:15:13,0.00446,31.37922,2.94922,28.43000
2023-10-24 22:15:14,0.00273,31.40070,2.97070,28.43000
2023-10-24 22:15:15,0.01795,18.88961,2.34961,16.54000
2023-10-24 22:15:16,0.07394,18.97539,2.27539,16.70000