skype_image_date,skype_image_cpu_utilization,skype_image_total_power,skype_image_cpu_power,skype_image_gpu_power
2023-10-23 02:27:26,0.05268,46.02781,4.50781,41.52000
2023-10-23 02:27:27,0.08663,46.13313,4.45313,41.68000
2023-10-23 02:27:28,0.01518,45.85906,4.28906,41.57000
2023-10-23 02:27:29,0.05308,46.18656,4.47656,41.71000
2023-10-23 02:27:30,0.08655,46.77375,5.09375,41.68000
2023-10-23 02:27:31,0.07968,46.14500,4.62500,41.52000
2023-10-23 02:27:32,0.06063,46.86719,4.86719,42.00000
2023-10-23 02:27:33,0.02154,45.73094,4.21094,41.52000
2023-10-23 02:27:34,0.06533,46.55375,4.84375,41.71000
2023-10-23 02:27:35,0.06091,45.69594,4.33594,41.36000
2023-10-23 02:27:36,0.03440,45.78219,4.24219,41.54000
2023-10-23 02:27:37,0.10269,46.68312,4.95313,41.73000
2023-10-23 02:27:38,0.06292,46.33875,4.71875,41.62000
2023-10-23 02:27:39,0.03361,46.01125,4.28125,41.73000
2023-10-23 02:27:40,0.06061,47.18344,4.52344,42.66000
2023-10-23 02:27:41,0.11650,46.83625,5.15625,41.68000
2023-10-23 02:27:42,0.09528,48.33750,5.18750,43.15000
2023-10-23 02:27:43,0.12249,46.61750,4.93750,41.68000
2023-10-23 02:27:44,0.05946,46.21687,4.54688,41.67000
2023-10-23 02:27:45,0.01795,45.89094,4.21094,41.68000
2023-10-23 02:27:46,0.00673,45.84406,4.16406,41.68000
2023-10-23 02:27:47,0.01316,45.85188,4.17188,41.68000
2023-10-23 02:27:48,0.02285,45.95219,4.24219,41.71000
2023-10-23 02:27:49,0.01256,45.89656,4.22656,41.67000
2023-10-23 02:27:50,0.00921,45.79969,4.17969,41.62000
2023-10-23 02:27:59,0.06041,46.29531,4.44531,41.85000
2023-10-23 02:28:00,0.02661,39.13813,4.07813,35.06000
2023-10-23 02:28:01,0.03007,39.12625,3.90625,35.22000
2023-10-23 02:28:02,0.07500,39.47625,4.40625,35.07000
2023-10-23 02:28:03,0.05294,31.93937,3.60938,28.33000
2023-10-23 02:28:04,0.12606,32.74031,4.32031,28.42000
2023-10-23 02:28:05,0.03175,18.80375,3.09375,15.71000
2023-10-23 02:28:06,0.05686,19.16125,2.78125,16.38000
2023-10-23 02:28:07,0.00587,19.62750,2.18750,17.44000
2023-10-23 02:28:08,0.09966,17.60156,2.60156,15.00000
2023-10-23 02:28:09,0.03775,17.12344,2.27344,14.85000
2023-10-23 02:28:10,0.08446,15.94719,2.36719,13.58000
2023-10-23 02:28:11,0.01667,15.00094,2.21094,12.79000
2023-10-23 02:28:12,0.08932,15.82687,3.04688,12.78000
2023-10-23 02:28:13,0.02773,15.98219,2.24219,13.74000
2023-10-23 02:28:14,0.17256,41.74250,4.31250,37.43000
2023-10-23 02:28:15,0.03283,41.82250,4.06250,37.76000
2023-10-23 02:28:16,0.14114,43.41500,4.87500,38.54000
2023-10-23 02:28:17,0.07491,41.84000,4.25000,37.59000
2023-10-23 02:28:18,0.02592,41.82969,3.92969,37.90000
2023-10-23 02:28:19,0.01265,41.60938,3.85938,37.75000
2023-10-23 02:28:20,0.01020,41.63281,3.88281,37.75000
2023-10-23 02:28:21,0.03630,41.87344,4.02344,37.85000
2023-10-23 02:28:22,0.01426,41.68312,3.95313,37.73000
2023-10-23 02:28:23,0.01007,41.60500,3.87500,37.73000
2023-10-23 02:28:32,0.05273,46.34219,4.49219,41.85000
2023-10-23 02:28:33,0.02306,46.08812,4.32813,41.76000
2023-10-23 02:28:34,0.03521,46.16813,4.32813,41.84000
2023-10-23 02:28:35,0.06483,46.73969,4.92969,41.81000
2023-10-23 02:28:36,0.04790,46.13187,4.42188,41.71000
2023-10-23 02:28:37,0.13378,47.25406,5.41406,41.84000
2023-10-23 02:28:38,0.02825,46.31656,4.22656,42.09000
2023-10-23 02:28:39,0.05369,46.43438,4.73438,41.70000
2023-10-23 02:28:40,0.01438,45.81281,4.13281,41.68000
2023-10-23 02:28:41,0.07445,46.07500,4.37500,41.70000
2023-10-23 02:28:42,0.03704,46.06000,4.25000,41.81000
2023-10-23 02:28:43,0.10622,46.24000,4.50000,41.74000
2023-10-23 02:28:44,0.08286,46.89469,5.05469,41.84000
2023-10-23 02:28:45,0.05203,46.11625,4.40625,41.71000
2023-10-23 02:28:46,0.03879,46.03594,4.33594,41.70000
2023-10-23 02:28:47,0.10998,46.88688,5.04688,41.84000
2023-10-23 02:28:48,0.03440,46.27750,4.43750,41.84000
2023-10-23 02:28:49,0.12454,47.09000,5.25000,41.84000
2023-10-23 02:28:50,0.05400,46.38094,4.46094,41.92000
2023-10-23 02:28:51,0.02842,45.95344,4.27344,41.68000
2023-10-23 02:28:52,0.01173,46.01188,4.17188,41.84000
2023-10-23 02:28:53,0.00673,45.97281,4.13281,41.84000
2023-10-23 02:28:54,0.01007,46.04187,4.17188,41.87000
2023-10-23 02:28:55,0.01667,46.08219,4.24219,41.84000
2023-10-23 02:28:56,0.01096,46.55219,4.24219,42.31000
2023-10-23 02:29:05,0.05782,40.01406,4.16406,35.85000
2023-10-23 02:29:06,0.03223,39.01812,3.82813,35.19000
2023-10-23 02:29:07,0.02451,39.11063,3.89063,35.22000
2023-10-23 02:29:08,0.03665,33.83656,3.97656,29.86000
2023-10-23 02:29:09,0.10074,32.86437,4.48438,28.38000
2023-10-23 02:29:10,0.05888,32.82188,3.42188,29.40000
2023-10-23 02:29:11,0.13806,33.21156,3.85156,29.36000
2023-10-23 02:29:12,0.15453,34.24000,4.25000,29.99000
2023-10-23 02:29:13,0.13790,33.05968,4.17969,28.88000
2023-10-23 02:29:14,0.05739,32.05656,3.47656,28.58000
2023-10-23 02:29:15,0.04310,31.71250,3.31250,28.40000
2023-10-23 02:29:16,0.06040,32.09500,3.37500,28.72000
2023-10-23 02:29:17,0.00904,31.67000,3.25000,28.42000
2023-10-23 02:29:18,0.09623,32.49156,4.10156,28.39000
2023-10-23 02:29:19,0.01916,31.80281,3.38281,28.42000
2023-10-23 02:29:20,0.08557,32.45125,4.03125,28.42000
2023-10-23 02:29:21,0.05621,31.89875,3.46875,28.43000
2023-10-23 02:29:22,0.12586,32.87688,4.29688,28.58000
2023-10-23 02:29:23,0.08704,31.89281,3.63281,28.26000
2023-10-23 02:29:24,0.03022,31.83406,3.41406,28.42000
2023-10-23 02:29:25,0.00927,31.47094,3.21094,28.26000
2023-10-23 02:29:26,0.01258,31.78312,3.20313,28.58000
2023-10-23 02:29:27,0.00923,31.62531,3.19531,28.43000
2023-10-23 02:29:28,0.01364,31.44750,3.18750,28.26000
2023-10-23 02:29:29,0.01275,31.64875,3.21875,28.43000
2023-10-23 02:29:38,0.12330,47.34344,5.52344,41.82000
2023-10-23 02:29:39,0.03378,46.00594,4.33594,41.67000
2023-10-23 02:29:40,0.07813,46.42812,4.57813,41.85000
2023-10-23 02:29:41,0.03397,46.11344,4.27344,41.84000
2023-10-23 02:29:42,0.02896,46.40500,4.37500,42.03000
2023-10-23 02:29:43,0.01080,46.05875,4.21875,41.84000
2023-10-23 02:29:44,0.00941,46.47969,4.17969,42.30000
2023-10-23 02:29:45,0.19794,48.18438,5.98438,42.20000
2023-10-23 02:29:46,0.10202,46.49250,4.81250,41.68000
2023-10-23 02:29:47,0.04966,46.18594,4.33594,41.85000
2023-10-23 02:29:48,0.05201,46.03812,4.32813,41.71000
2023-10-23 02:29:49,0.04798,46.34375,4.34375,42.00000
2023-10-23 02:29:50,0.00955,46.07656,4.22656,41.85000
2023-10-23 02:29:51,0.10619,47.16031,5.32031,41.84000
2023-10-23 02:29:52,0.03177,46.07656,4.22656,41.85000
2023-10-23 02:29:53,0.09799,47.16250,5.31250,41.85000
2023-10-23 02:29:54,0.05798,48.13750,4.68750,43.45000
2023-10-23 02:29:56,0.06000,46.65250,4.81250,41.84000
2023-10-23 02:29:57,0.05327,46.73938,4.35938,42.38000
2023-10-23 02:29:58,0.04983,39.25531,4.19531,35.06000
2023-10-23 02:29:59,0.02043,38.78656,3.72656,35.06000
2023-10-23 02:30:00,0.01933,38.83344,3.77344,35.06000
2023-10-23 02:30:01,0.01285,31.53563,3.26563,28.27000
2023-10-23 02:30:02,0.01049,31.45750,3.18750,28.27000
2023-10-23 02:30:03,0.00936,19.46969,2.92969,16.54000
2023-10-23 02:30:11,0.02007,39.76781,3.75781,36.01000
2023-10-23 02:30:12,0.09708,39.21844,4.14844,35.07000
2023-10-23 02:30:13,0.02206,38.89781,3.75781,35.14000
2023-10-23 02:30:14,0.01536,32.21125,3.78125,28.43000
2023-10-23 02:30:15,0.08844,32.49406,4.16406,28.33000
2023-10-23 02:30:16,0.09943,32.32250,4.06250,28.26000
2023-10-23 02:30:17,0.03448,19.39969,2.92969,16.47000
2023-10-23 02:30:18,0.04828,19.05594,2.83594,16.22000
2023-10-23 02:30:19,0.01124,21.76781,2.25781,19.51000
2023-10-23 02:30:20,0.08205,15.42656,2.47656,12.95000
2023-10-23 02:30:21,0.03299,17.08281,2.38281,14.70000
2023-10-23 02:30:22,0.07589,16.94969,2.42969,14.52000
2023-10-23 02:30:23,0.09532,16.52000,3.25000,13.27000
2023-10-23 02:30:24,0.04359,16.32187,2.42188,13.90000
2023-10-23 02:30:25,0.04273,16.56375,2.34375,14.22000
2023-10-23 02:30:26,0.12247,45.29281,3.88281,41.41000
2023-10-23 02:30:27,0.02663,45.69594,4.33594,41.36000
2023-10-23 02:30:28,0.11045,46.73531,5.19531,41.54000
2023-10-23 02:30:29,0.07057,46.23469,4.55469,41.68000
2023-10-23 02:30:30,0.01209,45.73094,4.21094,41.52000
2023-10-23 02:30:31,0.00947,45.70750,4.18750,41.52000
2023-10-23 02:30:32,0.01091,46.16750,4.18750,41.98000
2023-10-23 02:30:33,0.01010,45.95000,4.25000,41.70000
2023-10-23 02:30:34,0.00923,45.88750,4.18750,41.70000
2023-10-23 02:30:35,0.00870,45.87531,4.19531,41.68000
2023-10-23 02:30:44,0.04152,46.15250,4.31250,41.84000
2023-10-23 02:30:45,0.07845,46.47500,4.62500,41.85000
2023-10-23 02:30:46,0.04004,46.26000,4.25000,42.01000
2023-10-23 02:30:47,0.01930,46.34500,4.37500,41.97000
2023-10-23 02:30:48,0.07544,47.27187,4.92188,42.35000
2023-10-23 02:30:49,0.10438,47.01969,5.17969,41.84000
2023-10-23 02:30:50,0.02680,46.15906,4.28906,41.87000
2023-10-23 02:30:51,0.05210,46.39875,4.71875,41.68000
2023-10-23 02:30:52,0.00856,47.36531,4.19531,43.17000
2023-10-23 02:30:53,0.07743,46.09406,4.41406,41.68000
2023-10-23 02:30:54,0.04381,46.26125,4.28125,41.98000
2023-10-23 02:30:55,0.06155,45.95344,4.27344,41.68000
2023-10-23 02:30:56,0.09950,47.18594,5.33594,41.85000
2023-10-23 02:30:57,0.04931,46.48312,4.45313,42.03000
2023-10-23 02:30:58,0.03947,46.03156,4.35156,41.68000
2023-10-23 02:30:59,0.10687,47.13625,5.15625,41.98000
2023-10-23 02:31:00,0.03025,46.18719,4.36719,41.82000
2023-10-23 02:31:01,0.12370,47.09781,5.25781,41.84000
2023-10-23 02:31:02,0.06731,46.46687,4.54688,41.92000
2023-10-23 02:31:03,0.01494,45.93000,4.25000,41.68000
2023-10-23 02:31:04,0.01125,46.04531,4.19531,41.85000
2023-10-23 02:31:06,0.01091,46.13281,4.13281,42.00000
2023-10-23 02:31:07,0.01347,45.85625,4.15625,41.70000
2023-10-23 02:31:08,0.01347,46.06656,4.22656,41.84000
2023-10-23 02:31:09,0.00784,46.04531,4.19531,41.85000
2023-10-23 02:31:17,0.13095,41.37188,5.42188,35.95000
2023-10-23 02:31:18,0.07660,40.01000,4.00000,36.01000
2023-10-23 02:31:19,0.05348,39.43687,4.04688,35.39000
2023-10-23 02:31:20,0.03927,38.93687,3.79688,35.14000
2023-10-23 02:31:21,0.02805,32.19344,3.77344,28.42000
2023-10-23 02:31:22,0.05927,32.02687,3.54688,28.48000
2023-10-23 02:31:23,0.08922,32.95719,4.11719,28.84000
2023-10-23 02:31:24,0.17819,19.92750,4.18750,15.74000
2023-10-23 02:31:25,0.04047,32.36094,3.21094,29.15000
2023-10-23 02:31:26,0.06979,31.83406,3.41406,28.42000
2023-10-23 02:31:27,0.04167,31.70687,3.29688,28.41000
2023-10-23 02:31:28,0.08221,31.90469,3.55469,28.35000
2023-10-23 02:31:29,0.07860,32.46687,4.04688,28.42000
2023-10-23 02:31:30,0.00839,31.60969,3.17969,28.43000
2023-10-23 02:31:31,0.00783,31.44969,3.17969,28.27000
2023-10-23 02:31:32,0.14014,32.90031,4.32031,28.58000
2023-10-23 02:31:33,0.03881,31.82063,3.39063,28.43000
2023-10-23 02:31:34,0.10585,32.45531,4.19531,28.26000
2023-10-23 02:31:35,0.04451,31.67969,3.42969,28.25000
2023-10-23 02:31:37,0.07935,31.80344,3.52344,28.28000
2023-10-23 02:31:38,0.01389,31.62531,3.19531,28.43000
2023-10-23 02:31:39,0.00962,31.47313,3.20313,28.27000
2023-10-23 02:31:40,0.01373,31.47875,3.21875,28.26000
2023-10-23 02:31:41,0.01661,31.53344,3.27344,28.26000
2023-10-23 02:31:42,0.01152,31.64094,3.21094,28.43000
2023-10-23 02:31:50,0.03878,46.20719,4.36719,41.84000
2023-10-23 02:31:51,0.06130,46.33094,4.46094,41.87000
2023-10-23 02:31:52,0.02900,46.13625,4.40625,41.73000
2023-10-23 02:31:53,0.03131,46.36562,4.51563,41.85000
2023-10-23 02:31:54,0.01238,46.06906,4.28906,41.78000
2023-10-23 02:31:55,0.18684,47.70719,5.86719,41.84000
2023-10-23 02:31:56,0.06491,47.06813,4.57813,42.49000
2023-10-23 02:31:57,0.03918,46.19188,4.67188,41.52000
2023-10-23 02:31:58,0.02424,46.25125,4.28125,41.97000
2023-10-23 02:31:59,0.06121,46.24969,4.42969,41.82000
2023-10-23 02:32:00,0.03464,46.27813,4.32813,41.95000
2023-10-23 02:32:01,0.07051,46.47719,4.36719,42.11000
2023-10-23 02:32:02,0.01979,46.04125,4.28125,41.76000
2023-10-23 02:32:03,0.13052,47.23063,5.39063,41.84000
2023-10-23 02:32:05,0.06061,46.26250,4.56250,41.70000
2023-10-23 02:32:06,0.12079,47.20313,5.20313,42.00000
2023-10-23 02:32:07,0.03232,46.22625,4.40625,41.82000
2023-10-23 02:32:08,0.09722,47.04562,5.01563,42.03000
2023-10-23 02:32:09,0.09672,46.54531,4.69531,41.85000
2023-10-23 02:32:10,0.04511,46.14812,4.32813,41.82000
2023-10-23 02:32:11,0.06985,39.23063,4.14063,35.09000
2023-10-23 02:32:12,0.01125,38.93656,3.72656,35.21000
2023-10-23 02:32:13,0.01076,32.04063,3.64063,28.40000
2023-10-23 02:32:14,0.00588,31.28188,3.17188,28.11000
2023-10-23 02:32:15,0.01095,31.63875,3.21875,28.42000
2023-10-23 02:32:23,0.10631,40.80469,4.80469,36.00000
2023-10-23 02:32:24,0.02825,39.89281,3.88281,36.01000
2023-10-23 02:32:25,0.04417,39.01094,3.96094,35.05000
2023-10-23 02:32:26,0.05431,39.30219,3.99219,35.31000
2023-10-23 02:32:27,0.02669,31.95969,3.67969,28.28000
2023-10-23 02:32:28,0.08137,32.20344,3.77344,28.43000
2023-10-23 02:32:29,0.10076,33.22063,3.89063,29.33000
2023-10-23 02:32:30,0.15642,19.24031,3.82031,15.42000
2023-10-23 02:32:31,0.03545,22.30031,2.32031,19.98000
2023-10-23 02:32:32,0.08429,16.07063,2.64063,13.43000
2023-10-23 02:32:33,0.04953,16.98469,2.30469,14.68000
2023-10-23 02:32:34,0.09184,16.26688,2.54688,13.72000
2023-10-23 02:32:36,0.03947,15.31125,2.53125,12.78000
2023-10-23 02:32:37,0.03499,15.60719,2.36719,13.24000
2023-10-23 02:32:38,0.04722,16.11312,2.70313,13.41000
2023-10-23 02:32:39,0.15323,41.73188,4.17188,37.56000
2023-10-23 02:32:40,0.02830,41.69031,4.07031,37.62000
2023-10-23 02:32:41,0.08052,42.24437,4.48438,37.76000
2023-10-23 02:32:42,0.04848,41.85375,4.09375,37.76000
2023-10-23 02:32:43,0.07060,41.89063,4.14063,37.75000
2023-10-23 02:32:44,0.05784,41.87625,4.15625,37.72000
2023-10-23 02:32:45,0.01324,41.66531,3.94531,37.72000
2023-10-23 02:32:46,0.01806,41.72219,3.99219,37.73000
2023-10-23 02:32:47,0.01434,41.82188,3.92188,37.90000
2023-10-23 02:32:48,0.01193,41.68406,3.91406,37.77000
2023-10-23 02:32:56,0.04482,46.32031,4.32031,42.00000
2023-10-23 02:32:57,0.05673,46.23312,4.45313,41.78000
2023-10-23 02:32:58,0.06856,46.26531,4.44531,41.82000
2023-10-23 02:32:59,0.03103,46.23063,4.39063,41.84000
2023-10-23 02:33:00,0.06836,46.58875,4.71875,41.87000
2023-10-23 02:33:01,0.14349,47.21062,5.39063,41.82000
2023-10-23 02:33:02,0.02988,46.38469,4.30469,42.08000
2023-10-23 02:33:03,0.07035,46.32469,4.80469,41.52000
2023-10-23 02:33:04,0.02396,45.74437,4.23438,41.51000
2023-10-23 02:33:05,0.08630,46.24844,4.39844,41.85000
2023-10-23 02:33:07,0.04815,46.33812,4.32813,42.01000
2023-10-23 02:33:08,0.07748,45.97688,4.29688,41.68000
2023-10-23 02:33:09,0.04914,46.55875,4.71875,41.84000
2023-10-23 02:33:10,0.03819,46.30750,4.43750,41.87000
2023-10-23 02:33:11,0.08955,46.71312,4.95313,41.76000
2023-10-23 02:33:12,0.13587,47.41406,5.41406,42.00000
2023-10-23 02:33:13,0.04727,46.39969,4.42969,41.97000
2023-10-23 02:33:14,0.07929,47.45094,4.96094,42.49000
2023-10-23 02:33:15,0.05805,46.51563,4.51563,42.00000
2023-10-23 02:33:16,0.03817,46.17875,4.46875,41.71000
2023-10-23 02:33:17,0.04519,46.17156,4.35156,41.82000
2023-10-23 02:33:18,0.00851,46.06656,4.22656,41.84000
2023-10-23 02:33:19,0.03090,46.18375,4.34375,41.84000
2023-10-23 02:33:20,0.01418,46.39656,4.22656,42.17000
2023-10-23 02:33:21,0.03042,46.34594,4.33594,42.01000
2023-10-23 02:33:29,0.03527,40.18438,3.98438,36.20000
2023-10-23 02:33:30,0.03625,39.21000,4.00000,35.21000
2023-10-23 02:33:31,0.02616,39.27063,3.89063,35.38000
2023-10-23 02:33:32,0.04688,39.22594,4.08594,35.14000
2023-10-23 02:33:33,0.07022,32.57750,4.18750,28.39000
2023-10-23 02:33:34,0.04381,31.81094,3.46094,28.35000
2023-10-23 02:33:36,0.12883,32.55031,4.07031,28.48000
2023-10-23 02:33:37,0.05855,19.45188,2.92188,16.53000
2023-10-23 02:33:38,0.03800,32.13062,3.14063,28.99000
2023-10-23 02:33:39,0.07336,31.88531,3.44531,28.44000
2023-10-23 02:33:40,0.04963,31.95062,3.39063,28.56000
2023-10-23 02:33:41,0.07223,31.89375,3.34375,28.55000
2023-10-23 02:33:42,0.01220,31.79875,3.21875,28.58000
2023-10-23 02:33:43,0.02700,31.90906,3.28906,28.62000
2023-10-23 02:33:44,0.03476,31.91156,3.35156,28.56000
2023-10-23 02:33:45,0.16635,33.06250,4.56250,28.50000
2023-10-23 02:33:46,0.03321,31.92844,3.39844,28.53000
2023-10-23 02:33:47,0.10000,32.45844,3.89844,28.56000
2023-10-23 02:33:48,0.03913,31.88031,3.32031,28.56000
2023-10-23 02:33:49,0.01147,31.70344,3.27344,28.43000
2023-10-23 02:33:50,0.01052,31.79094,3.21094,28.58000
2023-10-23 02:33:51,0.01316,31.80656,3.22656,28.58000
2023-10-23 02:33:52,0.01034,31.79094,3.21094,28.58000
2023-10-23 02:33:53,0.00938,31.77531,3.19531,28.58000
2023-10-23 02:33:54,0.00898,31.63875,3.21875,28.42000
2023-10-23 02:33:55,0.02424,31.74031,3.32031,28.42000
2023-10-23 02:34:02,0.13799,47.85812,5.82813,42.03000
2023-10-23 02:34:04,0.05989,46.20719,4.36719,41.84000
2023-10-23 02:34:05,0.04642,46.24969,4.42969,41.82000
2023-10-23 02:34:06,0.02793,46.29937,4.35938,41.94000
2023-10-23 02:34:07,0.02919,46.39063,4.39063,42.00000
2023-10-23 02:34:08,0.13208,47.13906,5.28906,41.85000
2023-10-23 02:34:09,0.12844,48.95562,5.26563,43.69000
2023-10-23 02:34:10,0.06132,46.59000,4.75000,41.84000
2023-10-23 02:34:11,0.02919,47.26000,4.25000,43.01000
2023-10-23 02:34:12,0.09333,46.08406,4.41406,41.67000
2023-10-23 02:34:13,0.03953,45.95469,4.30469,41.65000
2023-10-23 02:34:14,0.06509,46.17156,4.35156,41.82000
2023-10-23 02:34:15,0.01766,46.06656,4.22656,41.84000
2023-10-23 02:34:16,0.10472,47.14656,5.22656,41.92000
2023-10-23 02:34:17,0.04221,46.43750,4.43750,42.00000
2023-10-23 02:34:18,0.16226,47.20406,5.41406,41.79000
2023-10-23 02:34:19,0.03659,46.40031,4.32031,42.08000
2023-10-23 02:34:20,0.07021,47.23750,4.93750,42.30000
2023-10-23 02:34:21,0.04417,46.32438,4.48438,41.84000
2023-10-23 02:34:22,0.00969,46.07438,4.23438,41.84000
2023-10-23 02:34:23,0.01616,39.04250,3.81250,35.23000
2023-10-23 02:34:24,0.01285,38.79438,3.73438,35.06000
2023-10-23 02:34:25,0.05215,32.33406,3.91406,28.42000
2023-10-23 02:34:26,0.01880,31.50219,3.24219,28.26000
2023-10-23 02:34:27,0.01085,31.46313,3.20313,28.26000
2023-10-23 02:34:36,0.04904,39.98312,3.95313,36.03000
2023-10-23 02:34:37,0.07054,39.08344,4.02344,35.06000
2023-10-23 02:34:38,0.03248,38.98750,3.93750,35.05000
2023-10-23 02:34:39,0.02783,39.04937,3.85938,35.19000
2023-10-23 02:34:40,0.08142,32.87531,4.19531,28.68000
2023-10-23 02:34:41,0.07114,33.17000,3.50000,29.67000
2023-10-23 02:34:42,0.14916,23.41844,3.89844,19.52000
2023-10-23 02:34:43,0.18814,48.06688,4.29688,43.77000
2023-10-23 02:34:44,0.16599,47.63219,5.24219,42.39000
2023-10-23 02:34:45,0.07276,46.09406,4.41406,41.68000
2023-10-23 02:34:46,0.01538,46.09344,4.27344,41.82000
2023-10-23 02:34:47,0.09690,46.11219,4.49219,41.62000
2023-10-23 02:34:48,0.03214,46.21125,4.53125,41.68000
2023-10-23 02:34:49,0.01331,46.10125,4.28125,41.82000
2023-10-23 02:34:50,0.01349,46.10563,4.26563,41.84000
2023-10-23 02:34:51,0.12197,46.92156,5.10156,41.82000
2023-10-23 02:34:52,0.02809,46.16375,4.34375,41.82000
2023-10-23 02:34:53,0.06154,46.61750,4.93750,41.68000
2023-10-23 02:34:54,0.02376,46.17594,4.33594,41.84000
2023-10-23 02:34:55,0.01098,45.92656,4.22656,41.70000
2023-10-23 02:34:56,0.01420,46.11344,4.27344,41.84000
2023-10-23 02:34:57,0.00980,46.21219,4.24219,41.97000
2023-10-23 02:34:58,0.00753,45.89875,4.21875,41.68000
2023-10-23 02:34:59,0.03839,46.28406,4.41406,41.87000
2023-10-23 02:35:00,0.05827,46.40125,4.53125,41.87000
2023-10-23 02:35:01,0.03626,46.11813,4.32813,41.79000
2023-10-23 02:35:09,0.12029,48.07406,4.66406,43.41000
2023-10-23 02:35:10,0.15406,47.43187,5.67188,41.76000
2023-10-23 02:35:11,0.06308,46.90094,4.71094,42.19000
2023-10-23 02:35:12,0.03654,46.37500,4.37500,42.00000
2023-10-23 02:35:13,0.05397,46.66938,4.60938,42.06000
2023-10-23 02:35:14,0.05912,46.44531,4.44531,42.00000
2023-10-23 02:35:15,0.01250,46.71219,4.24219,42.47000
2023-10-23 02:35:16,0.01400,46.61906,4.28906,42.33000
2023-10-23 02:35:17,0.14032,50.26625,5.65625,44.61000
2023-10-23 02:35:18,0.17570,49.17844,5.39844,43.78000
2023-10-23 02:35:19,0.16832,48.92812,5.07813,43.85000
2023-10-23 02:35:20,0.18478,48.05781,5.25781,42.80000
2023-10-23 02:35:21,0.14233,49.02719,5.36719,43.66000
2023-10-23 02:35:22,0.12731,50.13969,5.17969,44.96000
2023-10-23 02:35:23,0.13951,49.68187,5.67188,44.01000
2023-10-23 02:35:24,0.15774,49.46781,5.75781,43.71000
2023-10-23 02:35:25,0.15019,48.62969,5.17969,43.45000
2023-10-23 02:35:26,0.13684,48.83219,5.49219,43.34000
2023-10-23 02:35:27,0.13238,49.47750,5.18750,44.29000
2023-10-23 02:35:28,0.14673,41.07969,4.92969,36.15000
2023-10-23 02:35:29,0.14063,40.62656,4.47656,36.15000
2023-10-23 02:35:30,0.11597,40.97219,4.49219,36.48000
2023-10-23 02:35:31,0.14501,33.41438,4.23438,29.18000
2023-10-23 02:35:32,0.12707,33.23250,4.06250,29.17000
2023-10-23 02:35:33,0.14008,33.53563,4.01563,29.52000
2023-10-23 02:35:42,0.10688,47.60688,5.29688,42.31000
2023-10-23 02:35:43,0.03585,46.51156,4.35156,42.16000
2023-10-23 02:35:44,0.04495,46.67562,4.51563,42.16000
2023-10-23 02:35:45,0.03002,46.62312,4.45313,42.17000
2023-10-23 02:35:46,0.01812,46.28906,4.28906,42.00000
2023-10-23 02:35:47,0.10470,47.05469,5.05469,42.00000
2023-10-23 02:35:48,0.12268,48.73875,4.96875,43.77000
2023-10-23 02:35:49,0.16041,50.65594,5.83594,44.82000
2023-10-23 02:35:50,0.15103,48.17281,5.13281,43.04000
2023-10-23 02:35:51,0.17476,48.34813,5.07813,43.27000
2023-10-23 02:35:52,0.13014,47.54562,5.26563,42.28000
2023-10-23 02:35:53,0.07768,46.54281,4.38281,42.16000
2023-10-23 02:35:54,0.01335,46.38219,4.24219,42.14000
2023-10-23 02:35:55,0.04728,46.73781,4.75781,41.98000
2023-10-23 02:35:56,0.01240,46.18438,4.23438,41.95000
2023-10-23 02:35:57,0.15760,47.79906,5.78906,42.01000
2023-10-23 02:35:58,0.02538,46.52625,4.40625,42.12000
2023-10-23 02:35:59,0.05596,47.02625,4.90625,42.12000
2023-10-23 02:36:00,0.02547,46.35938,4.35938,42.00000
2023-10-23 02:36:01,0.01134,46.26000,4.25000,42.01000
2023-10-23 02:36:02,0.02000,46.26563,4.26563,42.00000
2023-10-23 02:36:03,0.00473,46.39781,4.25781,42.14000
2023-10-23 02:36:04,0.01493,46.12781,4.25781,41.87000
2023-10-23 02:36:05,0.03519,46.54625,4.40625,42.14000
2023-10-23 02:36:06,0.05843,46.54562,4.51563,42.03000
2023-10-23 02:36:15,0.13448,48.46875,5.21875,43.25000
2023-10-23 02:36:16,0.14246,48.12312,5.95313,42.17000
2023-10-23 02:36:17,0.03612,46.48812,4.32813,42.16000
2023-10-23 02:36:18,0.04563,46.65219,4.49219,42.16000
2023-10-23 02:36:19,0.04343,40.11125,4.53125,35.58000
2023-10-23 02:36:20,0.04095,39.41125,4.03125,35.38000
2023-10-23 02:36:21,0.02980,39.37812,3.82813,35.55000
2023-10-23 02:36:22,0.02559,32.41781,3.50781,28.91000
2023-10-23 02:36:23,0.19231,34.28844,4.64844,29.64000
2023-10-23 02:36:24,0.15530,33.96656,3.97656,29.99000
2023-10-23 02:36:25,0.15257,34.33906,3.78906,30.55000
2023-10-23 02:36:26,0.18050,34.82875,4.21875,30.61000
2023-10-23 02:36:27,0.17366,33.74250,4.06250,29.68000
2023-10-23 02:36:28,0.21918,34.80187,4.17188,30.63000
2023-10-23 02:36:29,0.16292,35.81719,4.86719,30.95000
2023-10-23 02:36:30,0.14867,34.04125,4.53125,29.51000
2023-10-23 02:36:31,0.13553,33.91969,3.92969,29.99000
2023-10-23 02:36:32,0.14819,33.91438,4.23438,29.68000
2023-10-23 02:36:33,0.17708,33.63094,3.96094,29.67000
2023-10-23 02:36:34,0.16735,33.87281,3.88281,29.99000
2023-10-23 02:36:35,0.17720,33.58219,4.24219,29.34000
2023-10-23 02:36:36,0.14850,33.95344,4.27344,29.68000
2023-10-23 02:36:37,0.16279,34.02906,4.03906,29.99000
2023-10-23 02:36:38,0.10348,33.52125,4.03125,29.49000
2023-10-23 02:36:39,0.14205,34.24937,4.60938,29.64000
2023-10-23 02:36:48,0.12172,48.90781,5.00781,43.90000
2023-10-23 02:36:49,0.15625,51.00969,5.92969,45.08000
2023-10-23 02:36:50,0.05385,46.36937,4.35938,42.01000
2023-10-23 02:36:51,0.04041,46.58969,4.42969,42.16000
2023-10-23 02:36:52,0.05430,46.67781,4.50781,42.17000
2023-10-23 02:36:53,0.06303,46.51563,4.51563,42.00000
2023-10-23 02:36:54,0.03289,46.67688,4.29688,42.38000
2023-10-23 02:36:55,0.18339,51.11813,5.82813,45.29000
2023-10-23 02:36:56,0.14888,49.04469,5.05469,43.99000
2023-10-23 02:36:57,0.14004,50.23938,5.10938,45.13000
2023-10-23 02:36:58,0.16593,49.41219,4.99219,44.42000
2023-10-23 02:36:59,0.18492,50.05812,5.07813,44.98000
2023-10-23 02:37:00,0.15873,49.32594,5.08594,44.24000
2023-10-23 02:37:01,0.13899,49.89500,5.37500,44.52000
2023-10-23 02:37:02,0.11162,47.41781,5.25781,42.16000
2023-10-23 02:37:03,0.11044,47.25406,5.16406,42.09000
2023-10-23 02:37:04,0.05833,46.76313,4.45313,42.31000
2023-10-23 02:37:05,0.08492,47.01937,4.85938,42.16000
2023-10-23 02:37:06,0.05614,46.36281,4.38281,41.98000
2023-10-23 02:37:07,0.01633,46.12000,4.25000,41.87000
2023-10-23 02:37:08,0.02621,46.29125,4.28125,42.01000
2023-10-23 02:37:09,0.01394,46.54875,4.21875,42.33000
2023-10-23 02:37:10,0.01641,46.25219,4.24219,42.01000
2023-10-23 02:37:11,0.04823,39.18094,3.96094,35.22000
2023-10-23 02:37:13,0.05812,39.02312,3.95313,35.07000
2023-10-23 02:37:21,0.13031,40.95500,5.12500,35.83000
2023-10-23 02:37:22,0.04310,39.74844,3.89844,35.85000
2023-10-23 02:37:23,0.04294,38.99750,3.93750,35.06000
2023-10-23 02:37:24,0.04940,39.22656,3.97656,35.25000
2023-10-23 02:37:25,0.04072,32.39250,3.81250,28.58000
2023-10-23 02:37:26,0.07102,32.53938,3.85938,28.68000
2023-10-23 02:37:27,0.08436,32.77563,3.76563,29.01000
2023-10-23 02:37:28,0.13828,34.61125,4.28125,30.33000
2023-10-23 02:37:29,0.15700,34.31937,3.85938,30.46000
2023-10-23 02:37:30,0.16098,33.79313,3.95313,29.84000
2023-10-23 02:37:31,0.15566,34.56031,4.07031,30.49000
2023-10-23 02:37:32,0.14700,33.76188,3.92188,29.84000
2023-10-23 02:37:33,0.15521,34.61250,3.81250,30.80000
2023-10-23 02:37:34,0.15241,33.62719,3.86719,29.76000
2023-10-23 02:37:35,0.13740,34.34937,4.35938,29.99000
2023-10-23 02:37:36,0.17724,33.99250,4.31250,29.68000
2023-10-23 02:37:37,0.12271,33.65813,3.82813,29.83000
2023-10-23 02:37:38,0.13910,33.89875,4.21875,29.68000
2023-10-23 02:37:40,0.11775,33.62906,3.78906,29.84000
2023-10-23 02:37:41,0.16972,33.66031,3.82031,29.84000
2023-10-23 02:37:42,0.13477,33.36656,3.72656,29.64000
2023-10-23 02:37:43,0.12406,33.67594,3.83594,29.84000
2023-10-23 02:37:44,0.11287,33.51594,3.83594,29.68000
2023-10-23 02:37:45,0.13168,33.21375,3.84375,29.37000
2023-10-23 02:37:46,0.13993,34.38000,4.25000,30.13000
2023-10-23 02:37:54,0.03314,47.04469,4.30469,42.74000
2023-10-23 02:37:55,0.04661,46.27750,4.43750,41.84000
2023-10-23 02:37:56,0.02925,46.41625,4.40625,42.01000
2023-10-23 02:37:57,0.02247,46.33000,4.25000,42.08000
2023-10-23 02:37:58,0.10020,47.47469,5.30469,42.17000
2023-10-23 02:37:59,0.05669,48.53469,4.55469,43.98000
2023-10-23 02:38:00,0.12934,48.53844,5.14844,43.39000
2023-10-23 02:38:01,0.15098,50.25188,5.42188,44.83000
2023-10-23 02:38:02,0.13019,49.53250,5.06250,44.47000
2023-10-23 02:38:04,0.14063,48.42781,5.00781,43.42000
2023-10-23 02:38:05,0.14722,47.29125,5.28125,42.01000
2023-10-23 02:38:06,0.04887,46.32031,4.32031,42.00000
2023-10-23 02:38:07,0.00911,46.28000,4.25000,42.03000
2023-10-23 02:38:08,0.05569,46.49469,4.55469,41.94000
2023-10-23 02:38:09,0.04608,46.58875,4.46875,42.12000
2023-10-23 02:38:10,0.09925,47.29281,5.13281,42.16000
2023-10-23 02:38:11,0.03992,48.52063,4.39063,44.13000
2023-10-23 02:38:12,0.05545,46.83031,4.82031,42.01000
2023-10-23 02:38:13,0.02470,46.45687,4.29688,42.16000
2023-10-23 02:38:14,0.01786,46.72781,4.25781,42.47000
2023-10-23 02:38:15,0.01383,38.88813,3.82813,35.06000
2023-10-23 02:38:16,0.01054,38.93094,3.71094,35.22000
2023-10-23 02:38:17,0.01415,32.02937,3.60938,28.42000
2023-10-23 02:38:18,0.13554,32.93468,4.55469,28.38000
2023-10-23 02:38:19,0.03750,31.89875,3.46875,28.43000