zoom_zip_date,zoom_zip_cpu_utilization,zoom_zip_total_power,zoom_zip_cpu_power,zoom_zip_gpu_power
2023-10-23 03:31:01,0.06081,40.10250,4.31250,35.79000
2023-10-23 03:31:02,0.09680,40.10375,4.09375,36.01000
2023-10-23 03:31:03,0.08333,39.68594,3.83594,35.85000
2023-10-23 03:31:04,0.11356,39.27594,4.08594,35.19000
2023-10-23 03:31:05,0.04545,38.86469,3.80469,35.06000
2023-10-23 03:31:06,0.03620,31.94563,3.51563,28.43000
2023-10-23 03:31:07,0.02097,31.51000,3.25000,28.26000
2023-10-23 03:31:08,0.09917,32.53094,4.46094,28.07000
2023-10-23 03:31:09,0.08473,19.92844,3.89844,16.03000
2023-10-23 03:31:10,0.08221,21.28437,3.48438,17.80000
2023-10-23 03:31:11,0.01342,15.50219,2.24219,13.26000
2023-10-23 03:31:12,0.00929,16.03281,2.13281,13.90000
2023-10-23 03:31:13,0.00839,15.97594,2.08594,13.89000
2023-10-23 03:31:14,0.00755,14.85812,2.07813,12.78000
2023-10-23 03:31:15,0.01174,15.36375,2.09375,13.27000
2023-10-23 03:31:16,0.03190,15.10250,2.31250,12.79000
2023-10-23 03:31:17,0.00505,15.15687,2.04688,13.11000
2023-10-23 03:31:18,0.07601,43.34125,3.53125,39.81000
2023-10-23 03:31:19,0.07881,43.20187,4.17188,39.03000
2023-10-23 03:31:20,0.02027,41.82188,3.92188,37.90000
2023-10-23 03:31:21,0.00587,41.71250,3.81250,37.90000
2023-10-23 03:31:22,0.00505,42.02125,3.78125,38.24000
2023-10-23 03:31:23,0.01589,41.74031,3.82031,37.92000
2023-10-23 03:31:24,0.00421,41.66563,3.76563,37.90000
2023-10-23 03:31:25,0.00917,41.65562,3.76563,37.89000
2023-10-23 03:31:34,0.00585,46.09000,4.25000,41.84000
2023-10-23 03:31:35,0.08868,46.38594,4.83594,41.55000
2023-10-23 03:31:36,0.08389,46.06062,4.39063,41.67000
2023-10-23 03:31:37,0.07348,46.02156,4.35156,41.67000
2023-10-23 03:31:38,0.08475,46.22500,4.37500,41.85000
2023-10-23 03:31:39,0.09576,46.42406,4.41406,42.01000
2023-10-23 03:31:40,0.02525,46.01594,4.33594,41.68000
2023-10-23 03:31:41,0.10702,47.31094,5.71094,41.60000
2023-10-23 03:31:42,0.08528,46.89375,5.59375,41.30000
2023-10-23 03:31:43,0.06438,46.75031,5.07031,41.68000
2023-10-23 03:31:44,0.00503,45.86750,4.18750,41.68000
2023-10-23 03:31:45,0.00758,45.90656,4.22656,41.68000
2023-10-23 03:31:46,0.01338,45.63344,4.27344,41.36000
2023-10-23 03:31:47,0.00507,45.70750,4.18750,41.52000
2023-10-23 03:31:48,0.01421,45.69750,4.18750,41.51000
2023-10-23 03:31:49,0.01642,45.81688,4.29688,41.52000
2023-10-23 03:31:50,0.00943,45.78563,4.26563,41.52000
2023-10-23 03:31:51,0.06711,47.19375,4.59375,42.60000
2023-10-23 03:31:52,0.07712,47.08719,4.61719,42.47000
2023-10-23 03:31:53,0.03620,45.88500,4.37500,41.51000
2023-10-23 03:31:54,0.00753,45.73875,4.21875,41.52000
2023-10-23 03:31:55,0.00920,45.73875,4.21875,41.52000
2023-10-23 03:31:56,0.00671,45.76656,4.22656,41.54000
2023-10-23 03:31:57,0.01007,45.83688,4.29688,41.54000
2023-10-23 03:31:58,0.00671,39.22187,4.17188,35.05000
2023-10-23 03:32:07,0.03428,39.81156,4.10156,35.71000
2023-10-23 03:32:08,0.01520,39.42656,3.72656,35.70000
2023-10-23 03:32:09,0.02425,38.75156,3.85156,34.90000
2023-10-23 03:32:10,0.00503,38.51719,3.61719,34.90000
2023-10-23 03:32:11,0.01254,38.66719,3.61719,35.05000
2023-10-23 03:32:12,0.02104,31.86406,3.41406,28.45000
2023-10-23 03:32:13,0.01431,31.57625,3.15625,28.42000
2023-10-23 03:32:14,0.08110,32.50125,4.28125,28.22000
2023-10-23 03:32:15,0.09398,20.01969,3.67969,16.34000
2023-10-23 03:32:16,0.08273,31.71156,3.60156,28.11000
2023-10-23 03:32:17,0.00601,31.17031,3.07031,28.10000
2023-10-23 03:32:18,0.00755,31.01250,3.06250,27.95000
2023-10-23 03:32:19,0.02097,31.28969,3.17969,28.11000
2023-10-23 03:32:20,0.01727,31.26844,3.14844,28.12000
2023-10-23 03:32:21,0.00545,31.18250,3.06250,28.12000
2023-10-23 03:32:22,0.01727,31.28188,3.17188,28.11000
2023-10-23 03:32:23,0.00601,31.22156,3.10156,28.12000
2023-10-23 03:32:24,0.06503,32.51656,3.47656,29.04000
2023-10-23 03:32:25,0.06803,32.07344,3.52344,28.55000
2023-10-23 03:32:26,0.03620,31.36000,3.25000,28.11000
2023-10-23 03:32:27,0.00755,31.20375,3.09375,28.11000
2023-10-23 03:32:28,0.00755,31.18813,3.07813,28.11000
2023-10-23 03:32:29,0.01003,31.19813,3.07813,28.12000
2023-10-23 03:32:30,0.01431,31.24500,3.12500,28.12000
2023-10-23 03:32:31,0.00768,31.18031,3.07031,28.11000
2023-10-23 03:32:40,0.07958,46.84187,4.67188,42.17000
2023-10-23 03:32:41,0.12091,46.53531,4.69531,41.84000
2023-10-23 03:32:42,0.08703,46.55812,4.57813,41.98000
2023-10-23 03:32:43,0.03297,45.84813,4.32813,41.52000
2023-10-23 03:32:44,0.01003,46.21094,4.21094,42.00000
2023-10-23 03:32:45,0.01268,45.92000,4.25000,41.67000
2023-10-23 03:32:46,0.02685,45.92688,4.29688,41.63000
2023-10-23 03:32:47,0.10326,47.08437,5.48438,41.60000
2023-10-23 03:32:48,0.08696,47.18250,5.56250,41.62000
2023-10-23 03:32:49,0.08516,47.05156,5.35156,41.70000
2023-10-23 03:32:50,0.01174,45.76656,4.22656,41.54000
2023-10-23 03:32:51,0.00882,45.89875,4.21875,41.68000
2023-10-23 03:32:52,0.00421,45.71531,4.19531,41.52000
2023-10-23 03:32:53,0.02437,46.03594,4.33594,41.70000
2023-10-23 03:32:54,0.01174,45.75094,4.21094,41.54000
2023-10-23 03:32:55,0.02143,46.02031,4.32031,41.70000
2023-10-23 03:32:56,0.00587,45.72313,4.20313,41.52000
2023-10-23 03:32:58,0.07331,48.10750,4.68750,43.42000
2023-10-23 03:32:59,0.07770,47.79187,4.67188,43.12000
2023-10-23 03:33:00,0.03237,46.25406,4.41406,41.84000
2023-10-23 03:33:01,0.01017,45.79344,4.27344,41.52000
2023-10-23 03:33:02,0.00707,39.61750,3.93750,35.68000
2023-10-23 03:33:03,0.00815,39.48906,3.78906,35.70000
2023-10-23 03:33:04,0.01003,38.49781,3.75781,34.74000
2023-10-23 03:33:05,0.00906,38.47438,3.73438,34.74000
2023-10-23 03:33:13,0.09516,46.62437,4.48438,42.14000
2023-10-23 03:33:14,0.08076,46.50281,4.38281,42.12000
2023-10-23 03:33:15,0.11111,40.56094,4.71094,35.85000
2023-10-23 03:33:16,0.04392,39.47344,3.77344,35.70000
2023-10-23 03:33:17,0.01339,39.43438,3.73438,35.70000
2023-10-23 03:33:18,0.00587,38.70063,3.64063,35.06000
2023-10-23 03:33:19,0.03147,38.86531,3.69531,35.17000
2023-10-23 03:33:20,0.10137,39.78531,4.94531,34.84000
2023-10-23 03:33:21,0.11887,32.95656,4.72656,28.23000
2023-10-23 03:33:22,0.04317,31.64125,3.53125,28.11000
2023-10-23 03:33:23,0.00587,20.34937,2.85938,17.49000
2023-10-23 03:33:24,0.00725,18.89531,2.19531,16.70000
2023-10-23 03:33:25,0.00935,18.24531,2.19531,16.05000
2023-10-23 03:33:26,0.00707,15.23500,2.12500,13.11000
2023-10-23 03:33:28,0.02608,15.80094,2.21094,13.59000
2023-10-23 03:33:29,0.02946,15.55500,2.12500,13.43000
2023-10-23 03:33:30,0.01000,15.20375,2.09375,13.11000
2023-10-23 03:33:31,0.07239,43.25938,3.60938,39.65000
2023-10-23 03:33:32,0.08687,43.23219,4.24219,38.99000
2023-10-23 03:33:33,0.04152,42.40344,4.02344,38.38000
2023-10-23 03:33:34,0.00909,42.27844,3.89844,38.38000
2023-10-23 03:33:35,0.00912,42.43063,3.89063,38.54000
2023-10-23 03:33:36,0.02113,42.37219,3.99219,38.38000
2023-10-23 03:33:37,0.01064,42.25500,3.87500,38.38000
2023-10-23 03:33:38,0.00753,42.35156,3.85156,38.50000
2023-10-23 03:33:46,0.12371,46.75906,4.78906,41.97000
2023-10-23 03:33:47,0.11434,46.37125,4.53125,41.84000
2023-10-23 03:33:48,0.08108,46.19500,4.37500,41.82000
2023-10-23 03:33:49,0.08664,46.26969,4.42969,41.84000
2023-10-23 03:33:50,0.09343,46.82250,4.81250,42.01000
2023-10-23 03:33:51,0.02300,46.13688,4.29688,41.84000
2023-10-23 03:33:52,0.01460,46.60469,4.30469,42.30000
2023-10-23 03:33:53,0.08138,47.08219,5.49219,41.59000
2023-10-23 03:33:54,0.10403,47.64219,5.74219,41.90000
2023-10-23 03:33:55,0.03000,45.99812,4.32813,41.67000
2023-10-23 03:33:57,0.00427,45.89094,4.21094,41.68000
2023-10-23 03:33:58,0.00597,45.71531,4.19531,41.52000
2023-10-23 03:33:59,0.01510,45.80000,4.25000,41.55000
2023-10-23 03:34:00,0.01017,45.72094,4.21094,41.51000
2023-10-23 03:34:01,0.01277,45.77781,4.25781,41.52000
2023-10-23 03:34:02,0.02265,45.81688,4.29688,41.52000
2023-10-23 03:34:03,0.00673,45.89094,4.21094,41.68000
2023-10-23 03:34:04,0.07155,47.68500,4.62500,43.06000
2023-10-23 03:34:05,0.07509,46.91719,4.61719,42.30000
2023-10-23 03:34:06,0.02189,45.97469,4.30469,41.67000
2023-10-23 03:34:07,0.00836,46.04313,4.20313,41.84000
2023-10-23 03:34:08,0.00923,45.88094,4.21094,41.67000
2023-10-23 03:34:09,0.00760,45.89875,4.21875,41.68000
2023-10-23 03:34:10,0.00836,45.89094,4.21094,41.68000
2023-10-23 03:34:11,0.00419,45.88969,4.17969,41.71000
2023-10-23 03:34:19,0.05892,40.25031,4.32031,35.93000
2023-10-23 03:34:20,0.08446,39.77875,3.96875,35.81000
2023-10-23 03:34:21,0.10389,39.71594,4.08594,35.63000
2023-10-23 03:34:22,0.08670,39.22375,3.84375,35.38000
2023-10-23 03:34:23,0.02946,38.93750,3.68750,35.25000
2023-10-23 03:34:25,0.04111,38.85406,3.66406,35.19000
2023-10-23 03:34:26,0.01426,31.64875,3.21875,28.43000
2023-10-23 03:34:27,0.07970,32.53250,4.31250,28.22000
2023-10-23 03:34:28,0.08696,20.24875,4.21875,16.03000
2023-10-23 03:34:29,0.05369,19.00687,2.79688,16.21000
2023-10-23 03:34:30,0.00669,18.20844,2.14844,16.06000
2023-10-23 03:34:31,0.00839,15.05156,2.10156,12.95000
2023-10-23 03:34:32,0.00923,15.12562,2.01563,13.11000
2023-10-23 03:34:33,0.00923,15.43563,2.01563,13.42000
2023-10-23 03:34:34,0.01254,15.65031,2.07031,13.58000
2023-10-23 03:34:35,0.02694,15.14531,2.19531,12.95000
2023-10-23 03:34:36,0.00755,15.13344,2.02344,13.11000
2023-10-23 03:34:37,0.08305,42.05281,3.38281,38.67000
2023-10-23 03:34:38,0.07993,43.45625,4.15625,39.30000
2023-10-23 03:34:39,0.05453,42.10688,4.04688,38.06000
2023-10-23 03:34:40,0.00839,41.90937,3.85938,38.05000
2023-10-23 03:34:41,0.00923,42.05250,3.81250,38.24000
2023-10-23 03:34:42,0.00676,42.06031,3.82031,38.24000
2023-10-23 03:34:43,0.00965,41.93156,3.85156,38.08000
2023-10-23 03:34:44,0.00753,41.86906,3.78906,38.08000
2023-10-23 03:34:52,0.10690,46.45969,4.67969,41.78000
2023-10-23 03:34:54,0.08361,46.06719,4.36719,41.70000
2023-10-23 03:34:55,0.08559,46.16563,4.51563,41.65000
2023-10-23 03:34:56,0.05593,46.03156,4.35156,41.68000
2023-10-23 03:34:57,0.01846,46.03031,4.32031,41.71000
2023-10-23 03:34:58,0.02357,46.08219,4.24219,41.84000
2023-10-23 03:34:59,0.01271,45.99250,4.31250,41.68000
2023-10-23 03:35:00,0.08305,47.06875,5.46875,41.60000
2023-10-23 03:35:01,0.08027,47.12219,5.49219,41.63000
2023-10-23 03:35:02,0.02333,45.98125,4.28125,41.70000
2023-10-23 03:35:03,0.00336,45.71531,4.19531,41.52000
2023-10-23 03:35:04,0.00503,45.55312,4.20313,41.35000
2023-10-23 03:35:05,0.01589,45.90781,4.25781,41.65000
2023-10-23 03:35:06,0.01342,45.95781,4.25781,41.70000
2023-10-23 03:35:07,0.01178,45.80687,4.29688,41.51000
2023-10-23 03:35:08,0.02020,45.98469,4.30469,41.68000
2023-10-23 03:35:09,0.00753,45.92219,4.24219,41.68000
2023-10-23 03:35:10,0.07155,47.35500,4.62500,42.73000
2023-10-23 03:35:11,0.08220,47.08719,4.61719,42.47000
2023-10-23 03:35:12,0.03956,45.90281,4.38281,41.52000
2023-10-23 03:35:13,0.00709,45.77781,4.25781,41.52000
2023-10-23 03:35:14,0.00880,45.92781,4.25781,41.67000
2023-10-23 03:35:15,0.00760,45.92781,4.25781,41.67000
2023-10-23 03:35:16,0.01121,45.91875,4.21875,41.70000
2023-10-23 03:35:17,0.00909,45.95000,4.25000,41.70000
2023-10-23 03:35:26,0.02178,46.87688,4.29688,42.58000
2023-10-23 03:35:27,0.10401,40.03844,4.39844,35.64000
2023-10-23 03:35:28,0.09215,39.69219,3.99219,35.70000
2023-10-23 03:35:29,0.11150,39.84281,4.13281,35.71000
2023-10-23 03:35:30,0.08791,39.08937,3.85938,35.23000
2023-10-23 03:35:31,0.08445,38.94938,3.85938,35.09000
2023-10-23 03:35:32,0.03788,32.02219,3.74219,28.28000
2023-10-23 03:35:33,0.09500,32.68094,4.46094,28.22000
2023-10-23 03:35:34,0.08500,32.72813,4.32813,28.40000
2023-10-23 03:35:35,0.01594,19.13375,2.59375,16.54000
2023-10-23 03:35:36,0.00589,19.50187,2.17188,17.33000
2023-10-23 03:35:37,0.01007,17.04875,2.21875,14.83000
2023-10-23 03:35:38,0.00755,15.79469,2.05469,13.74000
2023-10-23 03:35:39,0.00503,15.31688,2.04688,13.27000
2023-10-23 03:35:40,0.01094,17.40937,2.10938,15.30000
2023-10-23 03:35:41,0.01877,15.32656,2.22656,13.10000
2023-10-23 03:35:42,0.01091,14.85812,2.07813,12.78000
2023-10-23 03:35:43,0.08249,43.27031,3.82031,39.45000
2023-10-23 03:35:44,0.07770,43.71000,4.25000,39.46000
2023-10-23 03:35:45,0.03866,42.41125,4.03125,38.38000
2023-10-23 03:35:46,0.01003,42.27844,3.89844,38.38000
2023-10-23 03:35:47,0.00839,42.26281,3.88281,38.38000
2023-10-23 03:35:48,0.01000,42.26062,3.89063,38.37000
2023-10-23 03:35:49,0.00524,42.40500,3.87500,38.53000
2023-10-23 03:35:50,0.00842,42.40719,3.86719,38.54000
2023-10-23 03:35:59,0.07886,46.50906,4.53906,41.97000
2023-10-23 03:36:00,0.06522,46.29719,4.61719,41.68000
2023-10-23 03:36:01,0.01178,45.96781,4.25781,41.71000
2023-10-23 03:36:02,0.01812,46.03938,4.35938,41.68000
2023-10-23 03:36:03,0.01220,46.26563,4.26563,42.00000
2023-10-23 03:36:04,0.01342,46.10125,4.28125,41.82000
2023-10-23 03:36:05,0.01846,46.18719,4.36719,41.82000
2023-10-23 03:36:06,0.09030,47.40062,5.64063,41.76000
2023-10-23 03:36:07,0.05369,46.75938,5.10938,41.65000
2023-10-23 03:36:08,0.02097,45.84469,4.30469,41.54000
2023-10-23 03:36:09,0.00503,45.76219,4.24219,41.52000
2023-10-23 03:36:10,0.00923,45.80687,4.29688,41.51000
2023-10-23 03:36:11,0.01594,45.82906,4.28906,41.54000
2023-10-23 03:36:12,0.01258,45.91094,4.21094,41.70000
2023-10-23 03:36:13,0.00692,45.71531,4.19531,41.52000
2023-10-23 03:36:14,0.02106,45.83250,4.31250,41.52000
2023-10-23 03:36:15,0.00463,45.74656,4.22656,41.52000
2023-10-23 03:36:16,0.08086,47.22500,4.62500,42.60000
2023-10-23 03:36:17,0.08187,47.22156,4.60156,42.62000
2023-10-23 03:36:18,0.03356,45.81688,4.29688,41.52000
2023-10-23 03:36:19,0.00671,45.88750,4.18750,41.70000
2023-10-23 03:36:20,0.01171,45.73094,4.21094,41.52000
2023-10-23 03:36:21,0.01342,45.73656,4.22656,41.51000
2023-10-23 03:36:22,0.00507,45.70750,4.18750,41.52000
2023-10-23 03:36:23,0.00547,45.72875,4.21875,41.51000
2023-10-23 03:36:32,0.04966,39.88031,4.07031,35.81000
2023-10-23 03:36:33,0.04264,39.72344,4.02344,35.70000
2023-10-23 03:36:34,0.00669,39.36844,3.64844,35.72000
2023-10-23 03:36:35,0.02433,38.73250,3.81250,34.92000
2023-10-23 03:36:36,0.00755,38.85281,3.63281,35.22000
2023-10-23 03:36:37,0.02768,31.84469,3.55469,28.29000
2023-10-23 03:36:38,0.03010,31.45531,3.19531,28.26000
2023-10-23 03:36:39,0.08445,32.64906,4.28906,28.36000
2023-10-23 03:36:40,0.06104,19.64094,3.46094,16.18000
2023-10-23 03:36:41,0.02936,18.20469,2.30469,15.90000
2023-10-23 03:36:42,0.01167,19.50969,2.17969,17.33000
2023-10-23 03:36:43,0.01342,16.20063,2.14063,14.06000
2023-10-23 03:36:44,0.01003,16.46594,2.08594,14.38000
2023-10-23 03:36:45,0.00818,15.34813,2.07813,13.27000
2023-10-23 03:36:46,0.01956,16.36063,2.14063,14.22000
2023-10-23 03:36:47,0.03030,15.04937,2.10938,12.94000
2023-10-23 03:36:48,0.00755,14.97344,2.02344,12.95000
2023-10-23 03:36:49,0.07000,42.52531,3.69531,38.83000
2023-10-23 03:36:50,0.07627,43.84750,4.18750,39.66000
2023-10-23 03:36:51,0.04446,41.83750,3.93750,37.90000
2023-10-23 03:36:52,0.00753,41.71250,3.81250,37.90000
2023-10-23 03:36:53,0.01003,41.71812,3.82813,37.89000
2023-10-23 03:36:54,0.00758,41.95063,3.89063,38.06000
2023-10-23 03:36:55,0.00676,41.87250,3.81250,38.06000
2023-10-23 03:36:56,0.00503,42.02906,3.78906,38.24000
2023-10-23 03:37:05,0.08953,46.27375,4.59375,41.68000
2023-10-23 03:37:06,0.09259,46.09187,4.42188,41.67000
2023-10-23 03:37:07,0.10389,46.19625,4.65625,41.54000
2023-10-23 03:37:08,0.03885,46.03156,4.35156,41.68000
2023-10-23 03:37:09,0.01091,46.86438,4.23438,42.63000
2023-10-23 03:37:10,0.03242,46.02031,4.32031,41.70000
2023-10-23 03:37:11,0.01546,45.89469,4.30469,41.59000
2023-10-23 03:37:12,0.08333,46.99844,5.39844,41.60000
2023-10-23 03:37:13,0.06104,46.68187,5.17188,41.51000
2023-10-23 03:37:14,0.01695,45.67812,4.32813,41.35000
2023-10-23 03:37:15,0.01010,45.76656,4.22656,41.54000
2023-10-23 03:37:16,0.01091,45.99688,4.29688,41.70000
2023-10-23 03:37:17,0.01174,45.74437,4.23438,41.51000
2023-10-23 03:37:18,0.00337,45.87531,4.19531,41.68000
2023-10-23 03:37:19,0.00845,45.85969,4.17969,41.68000
2023-10-23 03:37:20,0.02349,45.77781,4.25781,41.52000
2023-10-23 03:37:21,0.00758,45.71969,4.17969,41.54000
2023-10-23 03:37:22,0.07239,47.45781,4.50781,42.95000
2023-10-23 03:37:23,0.08106,47.83250,4.56250,43.27000
2023-10-23 03:37:24,0.08219,47.38813,4.57813,42.81000
2023-10-23 03:37:25,0.04209,46.51062,4.39063,42.12000
2023-10-23 03:37:26,0.01007,46.07438,4.23438,41.84000
2023-10-23 03:37:27,0.01338,45.95344,4.27344,41.68000
2023-10-23 03:37:28,0.00587,45.88313,4.20313,41.68000
2023-10-23 03:37:29,0.00595,45.69969,4.17969,41.52000
2023-10-23 03:37:38,0.01421,39.46500,3.87500,35.59000
2023-10-23 03:37:39,0.03272,39.64969,3.92969,35.72000
2023-10-23 03:37:40,0.02104,38.93687,3.79688,35.14000
2023-10-23 03:37:41,0.01338,38.76531,3.69531,35.07000
2023-10-23 03:37:42,0.01426,39.02844,3.64844,35.38000
2023-10-23 03:37:43,0.01510,31.71875,3.46875,28.25000
2023-10-23 03:37:44,0.02090,31.65656,3.22656,28.43000
2023-10-23 03:37:45,0.08361,32.60281,4.38281,28.22000
2023-10-23 03:37:46,0.03272,19.07500,2.87500,16.20000
2023-10-23 03:37:47,0.02097,19.01250,2.31250,16.70000
2023-10-23 03:37:48,0.00842,15.92750,2.18750,13.74000
2023-10-23 03:37:49,0.01003,15.82594,2.08594,13.74000
2023-10-23 03:37:50,0.01852,15.33875,2.21875,13.12000
2023-10-23 03:37:51,0.01756,14.54031,2.07031,12.47000
2023-10-23 03:37:52,0.00334,15.61125,2.03125,13.58000
2023-10-23 03:37:53,0.02583,15.08281,2.13281,12.95000
2023-10-23 03:37:54,0.00587,14.96562,2.01563,12.95000
2023-10-23 03:37:55,0.07458,43.00563,3.51563,39.49000
2023-10-23 03:37:56,0.08333,43.50312,4.20313,39.30000
2023-10-23 03:37:57,0.05976,42.33719,4.11719,38.22000
2023-10-23 03:37:58,0.00926,42.25500,3.87500,38.38000
2023-10-23 03:37:59,0.00760,42.23938,3.85938,38.38000
2023-10-23 03:38:00,0.01254,42.43625,3.90625,38.53000
2023-10-23 03:38:01,0.01774,42.27625,3.90625,38.37000
2023-10-23 03:38:02,0.00425,42.38375,3.84375,38.54000
2023-10-23 03:38:11,0.07970,46.31656,4.47656,41.84000
2023-10-23 03:38:12,0.08647,46.33437,4.48438,41.85000
2023-10-23 03:38:13,0.12795,46.78781,4.75781,42.03000
2023-10-23 03:38:14,0.07850,46.03594,4.33594,41.70000
2023-10-23 03:38:15,0.06102,46.07500,4.37500,41.70000
2023-10-23 03:38:16,0.00547,45.90656,4.22656,41.68000
2023-10-23 03:38:17,0.03182,45.89938,4.35938,41.54000
2023-10-23 03:38:18,0.09669,47.12781,5.50781,41.62000
2023-10-23 03:38:19,0.04209,48.27656,4.72656,43.55000
2023-10-23 03:38:20,0.02580,46.12344,4.27344,41.85000
2023-10-23 03:38:21,0.00424,45.75094,4.21094,41.54000
2023-10-23 03:38:22,0.00760,45.63000,4.25000,41.38000
2023-10-23 03:38:23,0.01004,45.77438,4.23438,41.54000
2023-10-23 03:38:24,0.01004,45.99437,4.23438,41.76000
2023-10-23 03:38:25,0.02545,45.94563,4.26563,41.68000
2023-10-23 03:38:26,0.01990,45.95344,4.27344,41.68000
2023-10-23 03:38:27,0.00376,45.93438,4.23438,41.70000
2023-10-23 03:38:28,0.08523,48.02937,4.60938,43.42000
2023-10-23 03:38:29,0.09091,47.19812,4.57813,42.62000
2023-10-23 03:38:31,0.03180,46.07500,4.37500,41.70000
2023-10-23 03:38:32,0.00547,45.93000,4.25000,41.68000
2023-10-23 03:38:33,0.00955,45.73875,4.21875,41.52000
2023-10-23 03:38:34,0.00730,45.59438,4.23438,41.36000
2023-10-23 03:38:35,0.00962,45.74656,4.22656,41.52000
2023-10-23 03:38:36,0.00547,45.93562,4.26563,41.67000
2023-10-23 03:38:44,0.00753,46.18187,4.17188,42.01000
2023-10-23 03:38:45,0.10811,40.21000,4.50000,35.71000
2023-10-23 03:38:46,0.06610,39.56156,3.85156,35.71000
2023-10-23 03:38:47,0.08530,38.86250,3.81250,35.05000
2023-10-23 03:38:48,0.07939,39.05812,3.82813,35.23000
2023-10-23 03:38:49,0.05621,38.71125,3.78125,34.93000
2023-10-23 03:38:50,0.03943,31.76813,3.57813,28.19000
2023-10-23 03:38:51,0.09396,32.94125,4.53125,28.41000
2023-10-23 03:38:52,0.01594,32.07188,3.17188,28.90000
2023-10-23 03:38:53,0.01839,19.81812,2.32813,17.49000
2023-10-23 03:38:54,0.00505,19.19188,2.17188,17.02000
2023-10-23 03:38:55,0.01258,15.28187,2.17188,13.11000
2023-10-23 03:38:56,0.01426,15.87281,2.13281,13.74000
2023-10-23 03:38:57,0.00755,15.84156,2.10156,13.74000
2023-10-23 03:38:58,0.00502,15.49813,2.07813,13.42000
2023-10-23 03:38:59,0.02111,15.59188,2.17188,13.42000
2023-10-23 03:39:00,0.01007,14.87594,2.08594,12.79000
2023-10-23 03:39:01,0.07095,42.50969,3.67969,38.83000
2023-10-23 03:39:03,0.08390,42.65062,4.14063,38.51000
2023-10-23 03:39:04,0.05872,42.10344,4.02344,38.08000
2023-10-23 03:39:05,0.00926,41.57813,3.82813,37.75000
2023-10-23 03:39:06,0.01007,41.71250,3.81250,37.90000
2023-10-23 03:39:07,0.00589,41.86250,3.81250,38.05000
2023-10-23 03:39:08,0.01098,41.92719,3.86719,38.06000
2023-10-23 03:39:09,0.00671,41.68906,3.78906,37.90000
2023-10-23 03:39:17,0.09983,46.49062,4.64063,41.85000
2023-10-23 03:39:18,0.09648,46.30281,4.63281,41.67000
2023-10-23 03:39:19,0.07601,46.23281,4.38281,41.85000
2023-10-23 03:39:20,0.11997,46.49844,4.64844,41.85000
2023-10-23 03:39:21,0.03846,46.11344,4.27344,41.84000
2023-10-23 03:39:22,0.01672,45.75312,4.20313,41.55000
2023-10-23 03:39:23,0.02013,45.94688,4.29688,41.65000
2023-10-23 03:39:24,0.09083,47.68813,5.57813,42.11000
2023-10-23 03:39:25,0.01780,47.41469,4.30469,43.11000
2023-10-23 03:39:26,0.01094,45.75438,4.23438,41.52000
2023-10-23 03:39:27,0.00512,45.56313,4.20313,41.36000
2023-10-23 03:39:28,0.01087,45.89094,4.21094,41.68000
2023-10-23 03:39:30,0.01174,46.09781,4.25781,41.84000
2023-10-23 03:39:31,0.03010,45.68906,4.28906,41.40000
2023-10-23 03:39:32,0.00587,47.04531,4.19531,42.85000
2023-10-23 03:39:33,0.01594,45.94563,4.26563,41.68000
2023-10-23 03:39:34,0.00673,45.88313,4.20313,41.68000
2023-10-23 03:39:35,0.07966,47.19812,4.57813,42.62000
2023-10-23 03:39:36,0.07288,47.05594,4.58594,42.47000
2023-10-23 03:39:37,0.03294,45.84813,4.32813,41.52000
2023-10-23 03:39:38,0.01091,45.74313,4.20313,41.54000
2023-10-23 03:39:39,0.01014,45.88969,4.17969,41.71000
2023-10-23 03:39:40,0.01258,45.77781,4.25781,41.52000
2023-10-23 03:39:41,0.01174,45.88313,4.20313,41.68000
2023-10-23 03:39:42,0.00587,45.85969,4.17969,41.68000
2023-10-23 03:39:50,0.08586,46.72594,4.58594,42.14000
2023-10-23 03:39:51,0.11409,46.71625,4.90625,41.81000
2023-10-23 03:39:52,0.08081,39.68156,3.85156,35.83000
2023-10-23 03:39:53,0.09322,39.75031,4.07031,35.68000
2023-10-23 03:39:54,0.08784,39.06500,3.87500,35.19000
2023-10-23 03:39:55,0.01852,38.82938,3.60938,35.22000
2023-10-23 03:39:56,0.03956,38.55094,3.71094,34.84000
2023-10-23 03:39:57,0.08361,32.67313,4.45313,28.22000
2023-10-23 03:39:58,0.01930,31.47719,3.36719,28.11000
2023-10-23 03:39:59,0.02843,18.84937,3.10938,15.74000
2023-10-23 03:40:00,0.01091,18.90094,2.21094,16.69000
2023-10-23 03:40:01,0.00839,18.26312,2.20313,16.06000
2023-10-23 03:40:03,0.01505,15.00875,2.21875,12.79000
2023-10-23 03:40:04,0.00842,14.85250,2.06250,12.79000
2023-10-23 03:40:05,0.00753,15.46250,2.06250,13.40000
2023-10-23 03:40:06,0.03440,15.25625,2.15625,13.10000
2023-10-23 03:40:07,0.00923,14.98906,2.03906,12.95000
2023-10-23 03:40:08,0.08838,41.94750,3.43750,38.51000
2023-10-23 03:40:09,0.08333,43.14625,4.15625,38.99000
2023-10-23 03:40:10,0.05574,41.78125,4.03125,37.75000
2023-10-23 03:40:11,0.01007,41.75938,3.85938,37.90000
2023-10-23 03:40:12,0.00836,41.73594,3.83594,37.90000
2023-10-23 03:40:13,0.00755,41.86250,3.81250,38.05000
2023-10-23 03:40:14,0.01020,41.78281,3.88281,37.90000
2023-10-23 03:40:15,0.01087,41.53906,3.78906,37.75000
2023-10-23 03:40:23,0.08333,46.25687,4.54688,41.71000
2023-10-23 03:40:24,0.11949,46.40469,4.55469,41.85000
2023-10-23 03:40:25,0.08446,45.99375,4.34375,41.65000
2023-10-23 03:40:26,0.10389,46.22969,4.67969,41.55000
2023-10-23 03:40:28,0.01342,45.88094,4.21094,41.67000
2023-10-23 03:40:29,0.01768,45.93000,4.25000,41.68000
2023-10-23 03:40:30,0.02901,45.74375,4.34375,41.40000
2023-10-23 03:40:31,0.06734,46.77000,5.25000,41.52000
2023-10-23 03:40:32,0.01505,47.05687,4.29688,42.76000
2023-10-23 03:40:33,0.01510,45.92219,4.24219,41.68000
2023-10-23 03:40:34,0.00503,45.57094,4.21094,41.36000
2023-10-23 03:40:35,0.01091,45.75875,4.21875,41.54000
2023-10-23 03:40:36,0.01426,45.98125,4.28125,41.70000
2023-10-23 03:40:37,0.00839,45.71531,4.19531,41.52000
2023-10-23 03:40:38,0.00418,45.55531,4.19531,41.36000
2023-10-23 03:40:39,0.01431,45.78344,4.27344,41.51000
2023-10-23 03:40:40,0.00671,45.83313,4.20313,41.63000
2023-10-23 03:40:41,0.07010,47.02375,4.59375,42.43000
2023-10-23 03:40:42,0.07908,47.34938,4.60938,42.74000
2023-10-23 03:40:43,0.03356,46.05500,4.37500,41.68000
2023-10-23 03:40:44,0.00671,45.93781,4.25781,41.68000
2023-10-23 03:40:45,0.00923,45.90656,4.22656,41.68000
2023-10-23 03:40:46,0.01599,45.76000,4.25000,41.51000
2023-10-23 03:40:47,0.00593,45.75438,4.23438,41.52000
2023-10-23 03:40:48,0.00926,45.73875,4.21875,41.52000
2023-10-23 03:40:56,0.07686,39.97562,4.26563,35.71000
2023-10-23 03:40:58,0.10304,39.88187,4.17188,35.71000
2023-10-23 03:40:59,0.08276,39.54594,3.83594,35.71000
2023-10-23 03:41:00,0.02364,38.69688,3.79688,34.90000
2023-10-23 03:41:01,0.01408,38.61094,3.71094,34.90000
2023-10-23 03:41:02,0.00920,32.82938,3.60938,29.22000
2023-10-23 03:41:03,0.00923,31.45750,3.18750,28.27000
2023-10-23 03:41:04,0.07383,32.31313,4.20313,28.11000
2023-10-23 03:41:05,0.01756,21.35906,2.78906,18.57000
2023-10-23 03:41:06,0.02373,19.72437,2.23438,17.49000
2023-10-23 03:41:07,0.00671,18.54406,2.16406,16.38000
2023-10-23 03:41:08,0.00503,16.62938,2.10938,14.52000
2023-10-23 03:41:09,0.01768,16.08750,2.18750,13.90000
2023-10-23 03:41:10,0.03667,15.58187,2.17188,13.41000
2023-10-23 03:41:11,0.00585,15.79469,2.05469,13.74000
2023-10-23 03:41:12,0.02433,16.67844,2.14844,14.53000
2023-10-23 03:41:13,0.00673,14.82125,2.03125,12.79000
2023-10-23 03:41:14,0.08725,43.13500,3.62500,39.51000
2023-10-23 03:41:15,0.09130,42.66625,4.15625,38.51000
2023-10-23 03:41:16,0.03788,41.87656,3.97656,37.90000
2023-10-23 03:41:17,0.00671,41.71031,3.82031,37.89000
2023-10-23 03:41:18,0.01171,41.71031,3.82031,37.89000
2023-10-23 03:41:19,0.01684,41.72813,3.82813,37.90000
2023-10-23 03:41:20,0.00768,41.75594,3.83594,37.92000
2023-10-23 03:41:21,0.00599,41.72813,3.82813,37.90000
2023-10-23 03:41:30,0.08644,46.17094,4.46094,41.71000
2023-10-23 03:41:31,0.09130,46.46219,4.49219,41.97000
2023-10-23 03:41:32,0.10033,46.35250,4.81250,41.54000
2023-10-23 03:41:33,0.03956,45.81688,4.29688,41.52000
2023-10-23 03:41:34,0.01258,46.05875,4.21875,41.84000
2023-10-23 03:41:35,0.00421,45.72313,4.20313,41.52000
2023-10-23 03:41:36,0.03356,46.43375,4.34375,42.09000
2023-10-23 03:41:37,0.08809,46.85594,5.33594,41.52000
2023-10-23 03:41:38,0.02862,46.17750,4.43750,41.74000
2023-10-23 03:41:39,0.01839,45.96563,4.26563,41.70000
2023-10-23 03:41:40,0.00839,45.75094,4.21094,41.54000
2023-10-23 03:41:41,0.01263,45.76656,4.22656,41.54000
2023-10-23 03:41:42,0.00923,45.73094,4.21094,41.52000
2023-10-23 03:41:43,0.00585,45.69188,4.17188,41.52000
2023-10-23 03:41:44,0.00671,45.69188,4.17188,41.52000
2023-10-23 03:41:45,0.02920,45.60000,4.25000,41.35000
2023-10-23 03:41:46,0.00660,45.72875,4.21875,41.51000
2023-10-23 03:41:47,0.07605,47.85469,4.55469,43.30000
2023-10-23 03:41:48,0.07398,46.91594,4.58594,42.33000
2023-10-23 03:41:49,0.04209,45.89500,4.37500,41.52000
2023-10-23 03:41:50,0.00755,45.74437,4.23438,41.51000
2023-10-23 03:41:51,0.00926,45.75438,4.23438,41.52000
2023-10-23 03:41:52,0.00753,45.72313,4.20313,41.52000
2023-10-23 03:41:53,0.00517,45.73094,4.21094,41.52000
2023-10-23 03:41:54,0.00389,45.90313,4.20313,41.70000